ID,名称编号,名称,种类,战略要冲,州域ID,特色,区域,所属人物,移动中人物,在野人物,移动中在野人物,人口,资金,粮草,农业,商业,技术,统治,民心,耐久,委任录用,委任褒奖,委任工作,委任搜索,委任补充,录用已完成,设施有效,农业人物列表,商业人物列表,技术人物列表,统治人物列表,民心人物列表,耐久人物列表,赈灾人物列表,训练人物列表,拥有的编队,设施列表,建设中设施,建设剩余天数,计划设施,资金包,粮草包,间谍包,今日新建编队对应的间谍消息,今日部队出征对应的间谍消息,人口包,计划建筑,转移资金目标,转移粮草目标,防御军团,俘虏列表,盗贼部队,最近被攻击过,最近被攻破过,情报列表,陆上连接建筑,水上连接建筑,灾难,灾难类型,灾难剩余天数,妃子列表,皇帝,兵役人口,暂停运输,暂停士兵运输
0,13262,洛阳,1,false,0,1022 1081 1201 1220 31056,151 130 ,,,,,200000,300000,5000000,200,200,200,100,200,400,false,false,false,false,false,false,false,,,,,,,,,,6 ,-1,0,-1,,,,-1,-1,,-1,-1,-1,-1,,-1,0,0,,20 145 1 154 ,,false,0,0,,false,0,,0
1,13101,函谷关,2,false,0,1013 3251,143 131 143 130 143 132 ,,,,,0,0,0,0,0,0,100,0,400,false,false,false,false,false,false,false,,,,,,,,,,,-1,0,-1,,,,-1,-1,,-1,-1,-1,-1,,-1,0,0,,0 11 20 ,,false,0,0,,false,0,,0
2,14040,金城,22,false,15,1021,39 117 ,,,,,30000,145000,2000000,200,200,200,100,200,400,false,false,false,false,false,false,false,,,,,,,,,,,-1,0,-1,,,,-1,-1,,-1,-1,-1,-1,,-1,0,0,,113 115 185 186 187 ,,false,0,0,,false,0,,0
3,13103,潼关,2,false,0,1013 3251,132 130 132 129 132 131 ,,,,,0,0,0,0,0,0,100,0,500,false,false,false,false,false,false,false,,,,,,,,,,,-1,0,-1,,,,-1,-1,,-1,-1,-1,-1,,-1,0,0,,11 192 ,,false,0,0,,false,0,,0
4,13104,武关,2,false,0,1013 3251,134 146 134 145 134 147 ,,,,,0,0,0,0,0,0,100,0,500,false,false,false,false,false,false,false,,,,,,,,,,,-1,0,-1,,,,-1,-1,,-1,-1,-1,-1,,-1,0,0,,177 7 191 ,,false,0,0,,false,0,,0
5,13105,许县,1,false,1,1022 1201 1240 18124 31054,178 141 ,,,,,120000,400000,4000000,200,200,200,100,200,500,false,false,false,false,false,false,false,,,,,,,,,,,-1,0,-1,,,,-1,-1,,-1,-1,-1,-1,,-1,0,0,,7 104 154 203 21 17 59 162 148 152 ,,false,0,0,,false,0,,0
6,13106,谯县,20,false,1,1022 1010 1100 1101 1201 31051,203 145 ,,,,,80000,148000,5000000,200,200,200,100,200,500,false,false,false,false,false,false,false,,,,,,,,,,2 ,-1,0,-1,,,,-1,-1,,-1,-1,-1,-1,,-1,0,0,,164 23 59 162 ,,false,0,0,,false,0,,0
7,13107,宛县,25,false,10,1022 1073 1201 31056,159 149 ,,,,,200000,145000,2000000,200,200,200,100,200,400,false,false,false,false,false,false,false,,,,,,,,,,,-1,0,-1,,,,-1,-1,,-1,-1,-1,-1,,-1,0,0,,4 8 5 152 ,,false,0,0,,false,0,,0
8,13108,新野,25,false,10,1001 1022 1100 31050,155 157 ,,,,,40000,120000,2000000,200,200,200,100,200,400,false,false,false,false,false,false,false,,,,,,,,,,,-1,0,-1,,,,-1,-1,,-1,-1,-1,-1,,-1,0,0,,76 176 177 7 21 ,,false,0,0,,false,0,,0
9,13109,襄阳,1,false,10,1011 1022 1100 1230 31053,151 175 ,394 9448 2 193 23 33 354 9346 9304 523 9285 9261 9534 617 634 9533 636 9251 603 53 9236 54 175 9208 9190 9186 110 540 9130 9129 9132 9114 9115 218 217 219 216 ,,,,100000,150000,5000000,200,200,200,100,200,500,false,false,false,false,false,false,false,,,,,,,,,,3 ,-1,0,-1,,,,-1,-1,,-1,-1,-1,-1,,-1,0,0,,12 176 179 ,,false,0,0,,false,0,,0
10,13110,江陵,25,false,10,1001 1000 1022 1103 1330 31051,149 196 ,,,,,80000,120000,5000000,200,200,200,100,200,400,false,false,false,false,false,false,false,,,,,,,,,,,-1,0,-1,,,,-1,-1,,-1,-1,-1,-1,,-1,0,0,,14 67 179 206 208 ,,false,0,0,,false,0,,0
11,13111,弘农,20,false,0,1000 1001 1022 31051,138 131 ,310 415 414 203 ,,,,80000,120000,20000000,200,200,200,100,200,400,false,false,false,false,false,false,false,,,,,,,,,,,-1,0,-1,,,,-1,-1,,-1,-1,-1,-1,,-1,0,0,,3 1 ,,false,0,0,,false,0,,0
12,13112,上庸,24,false,12,1003 1021,130 169 ,,,,,30000,120000,2000000,200,200,200,100,200,500,false,false,false,false,false,false,false,,,,,,,,,,,-1,0,-1,,,,-1,-1,,-1,-1,-1,-1,,-1,0,0,,13 9 ,,false,0,0,,false,0,,0
13,13113,西城,24,false,12,1013 1021,119 170 ,,,,,30000,120000,2000000,200,200,200,100,200,500,false,false,false,false,false,false,false,,,,,,,,,,,-1,0,-1,,,,-1,-1,,-1,-1,-1,-1,,-1,0,0,,12 178 ,,false,0,0,,false,0,,0
14,13114,乌林港,3,false,10,1103 18130,170 196 ,,,,,5000,0,0,0,0,0,100,0,400,false,false,false,false,false,false,false,,,,,,,,,,,-1,0,-1,,,,-1,-1,,-1,-1,-1,-1,,-1,0,0,,10 ,15 76 16 208 ,false,0,0,,false,0,,0
15,13115,巴丘,25,false,11,1021 1200 18131,161 214 ,,,,,30000,120000,2000000,100,100,100,100,100,400,false,false,false,false,false,false,false,,,,,,,,,,,-1,0,-1,,,,-1,-1,,-1,-1,-1,-1,,-1,0,0,,16 60 ,14 208 ,false,0,0,,false,0,,0
16,13116,鄂县,25,false,11,1003 1022 1330 18131 31050,189 194 ,,,,,40000,120000,2000000,200,200,200,100,200,400,false,false,false,false,false,false,false,,,,,,,,,,,-1,0,-1,,,,-1,-1,,-1,-1,-1,-1,,-1,0,0,,49 15 ,14 72 76 ,false,0,0,,false,0,,0
17,13117,陈留,20,false,2,1003 1022 31055,186 132 ,9463 430 ,,,,150000,50000,2000000,200,200,200,100,200,500,false,false,false,false,false,false,false,,,,,,,,,,,-1,0,-1,,,,-1,-1,,-1,-1,-1,-1,,-1,0,0,,5 104 59 ,,false,0,0,,false,0,,0
18,14069,白马津,3,false,2,1003,181 108 ,,,,,5000,120000,2000000,100,100,100,100,100,500,false,false,false,false,false,false,false,,,,,,,,,,,-1,0,-1,,,,-1,-1,,-1,-1,-1,-1,,-1,0,0,,92 169 19 ,20 212 169 ,false,0,0,,false,0,,0
19,13119,濮阳,20,false,2,1022 1002 1320 31054,188 110 ,9462 439 9422 9416 9413 9411 9390 127 9376 333 9295 660 9263 9249 9245 173 73 169 424 670 446 342 9098 ,,,,120000,200000,2000000,200,200,200,100,200,500,false,false,false,false,false,false,false,,,,,,,,,14 ,,-1,0,-1,,,,-1,-1,,-1,-1,-1,-1,,-1,0,0,,18 31 211 ,,false,0,0,,false,0,,0
20,14070,孟津,3,false,0,1001 18129,153 124 ,,,,,5000,0,0,0,0,0,100,0,400,false,false,false,false,false,false,false,,,,,,,,,,,-1,0,-1,,,,-1,-1,,-1,-1,-1,-1,,-1,0,0,,0 1 ,18 198 169 ,false,0,0,,false,0,,0
21,14036,平舆,20,false,1,1022 1300 31055,183 155 ,,,,,150000,120000,2000000,200,200,200,100,200,400,false,false,false,false,false,false,false,,,,,,,,,,,-1,0,-1,,,,-1,-1,,-1,-1,-1,-1,,-1,0,0,,5 8 204 205 162 ,,false,0,0,,false,0,,0
22,13122,皖县,23,false,8,1010 1022 1100 31051,220 180 ,,,,,80000,150000,5000000,200,200,200,100,200,400,false,false,false,false,false,false,false,,,,,,,,,7 ,,-1,0,-1,,,,-1,-1,,-1,-1,-1,-1,,-1,0,0,,25 165 72 24 163 ,,false,0,0,,false,0,,0
23,13123,寿春,23,false,8,1022 1340 1200 31051,224 155 ,9569 408 10 22 16 578 19 9316 138 9309 619 9262 647 613 9239 593 66 146 97 9153 459 445 9109 ,,,,80000,145000,2000000,200,200,200,100,200,400,false,false,false,false,false,false,false,,,,,,,,,,27 ,-1,0,-1,,,,-1,-1,,-1,-1,-1,-1,,-1,0,0,,6 24 38 41 163 209 ,,false,0,0,,false,0,,0
24,13124,合肥,23,false,8,1022 1100 1300 31051,230 165 ,,,,,80000,145000,2000000,200,200,40,100,200,400,false,false,false,false,false,false,false,,,,,,,,,,,-1,0,-1,,,,-1,-1,,-1,-1,-1,-1,,-1,0,0,,22 25 23 163 209 ,,false,0,0,,false,0,,0
25,13125,濡须口,3,false,8,1103 18131,237 170 ,,,,,5000,10000,1000000,100,100,100,100,100,400,false,false,false,false,false,false,false,,,,,,,,,,,-1,0,-1,,,,-1,-1,,-1,-1,-1,-1,,-1,0,0,,22 24 209 ,42 50 210 209 ,false,0,0,,false,0,,0
26,13126,无盐,20,false,2,1001 1022 31054,210 106 ,,,,,120000,120000,2000000,200,200,200,100,200,400,false,false,false,false,false,false,false,,,,,,,,,,,-1,0,-1,,,,-1,-1,,-1,-1,-1,-1,,-1,0,0,,27 36 37 78 213 ,,false,0,0,,false,0,,0
27,13127,奉高,20,false,2,1022 1000 31054,219 102 ,,,,,120000,120000,2000000,200,200,200,100,200,400,false,false,false,false,false,false,false,,,,,,,,,,,-1,0,-1,,,,-1,-1,,-1,-1,-1,-1,,-1,0,0,,34 78 36 26 ,,false,0,0,,false,0,,0
28,13128,临淄,20,false,4,1022 1070 1081 31054,226 93 ,,,,,120000,150000,5000000,200,200,200,100,200,500,false,false,false,false,false,false,false,,,,,,,,,,4 ,-1,0,-1,,,,-1,-1,,-1,-1,-1,-1,,-1,0,0,,29 166 34 ,,false,0,0,,false,0,,0
29,14034,都昌,20,false,4,1062 1022 1100 31055,234 87 ,9475 34 190 ,,,,150000,145000,2000000,200,200,200,100,200,500,false,false,false,false,false,false,false,,,,,,,,,,,-1,0,-1,,,,-1,-1,,-1,-1,-1,-1,,-1,0,0,,28 30 ,,false,0,0,,false,0,,0
30,13130,黄县,20,false,4,1022 1103 31054,246 77 ,,,,,120000,120000,2000000,200,200,200,100,200,400,false,false,false,false,false,false,false,,,,,,,,,,,-1,0,-1,,,,-1,-1,,-1,-1,-1,-1,,-1,0,0,,29 ,,false,0,0,,false,0,,0
31,13131,定陶,20,false,2,1022 1003 31055,197 121 ,,,,,150000,120000,2000000,200,200,200,100,200,400,false,false,false,false,false,false,false,,,,,,,,,,,-1,0,-1,,,,-1,-1,,-1,-1,-1,-1,,-1,0,0,,37 92 19 211 ,,false,0,0,,false,0,,0
32,13132,散关,2,true,15,1093 3251,79 142 78 142 80 142 ,,,,,0,0,0,0,0,0,50,0,800,false,false,false,false,false,false,false,,,,,,,,,,,-1,0,-1,,,,-1,-1,,-1,-1,-1,-1,,-1,0,0,,182 101 99 ,,false,0,0,,false,0,,0
33,13133,东武,20,false,3,1022 1080 31053,243 110 ,,,,,100000,120000,2000000,200,200,200,100,200,400,false,false,false,false,false,false,false,,,,,,,,,,,-1,0,-1,,,,-1,-1,,-1,-1,-1,-1,,-1,0,0,,34 35 ,,false,0,0,,false,0,,0
34,13134,开阳,20,false,3,1013 1022 31053,228 111 ,346 9436 9394 9350 360 ,,,,100000,120000,2000000,200,200,200,100,200,400,false,false,false,false,false,false,false,,,,,,,,,5 ,,-1,0,-1,,,,-1,-1,,-1,-1,-1,-1,,-1,0,0,,28 35 27 33 36 ,,false,0,0,,false,0,,0
35,13135,郯县,20,false,3,1002 1022 31055,231 123 ,9461 402 484 366 532 531 533 449 455 9104 348 ,,,,150000,145000,2000000,200,200,200,100,200,400,false,false,false,false,false,false,false,,,,,,,,,0 11 ,21 ,-1,0,-1,,,,-1,-1,,-1,-1,-1,-1,,-1,0,0,,34 39 38 33 ,,false,0,0,,false,0,,0
36,13136,任城,20,false,2,1010 1022 31051,217 112 ,,,,,80000,120000,2000000,200,200,200,100,200,500,false,false,false,false,false,false,false,,,,,,,,,,,-1,0,-1,,,,-1,-1,,-1,-1,-1,-1,,-1,0,0,,27 34 37 40 211 26 ,,false,0,0,,false,0,,0
37,13137,昌邑,20,false,2,1013 1022 1200 31055,205 123 ,,,,,150000,150000,5000000,400,400,100,100,200,500,false,false,false,false,false,false,false,,,,,,,,,,0 ,-1,0,-1,,,,-1,-1,,-1,-1,-1,-1,,-1,0,0,,164 31 40 36 26 ,,false,0,0,,false,0,,0
38,13138,彭城,20,false,3,1093 1022 1011 1301 31054,220 139 ,,,,,120000,145000,5000000,200,200,200,100,500,500,false,false,false,false,false,false,false,,,,,,,,,,,-1,0,-1,,,,-1,-1,,-1,-1,-1,-1,,-1,0,0,,35 39 40 164 23 ,,false,0,0,,false,0,,0
39,13139,下邳,20,false,3,1022 1003 1100 31055,231 133 ,9367 9118 9119 ,,,,150000,200000,5000000,200,200,200,100,200,400,false,false,false,false,false,false,false,,,,,,,,,,,-1,0,-1,,,,-1,-1,,-1,-1,-1,-1,,-1,0,0,,41 35 38 ,,false,0,0,,false,0,,0
40,13140,沛县,20,false,1,1022 1000 31050,215 130 ,9456 432 9414 9259 635 122 9198 98 9160 448 456 ,,,,40000,200000,3000000,200,200,200,100,200,400,false,false,false,false,false,false,false,,,,,,,,,15 ,,-1,0,-1,,,,-1,-1,,-1,-1,-1,-1,,-1,0,0,,37 164 38 36 ,,false,0,0,,false,0,,0
41,13141,淮阴,20,false,3,1000 1022 31050,245 137 ,,,,,120000,120000,2000000,200,200,200,100,200,400,false,false,false,false,false,false,false,,,,,,,,,,,-1,0,-1,,,,-1,-1,,-1,-1,-1,-1,,-1,0,0,,39 42 23 209 ,,false,0,0,,false,0,,0
42,13142,广陵港,3,false,3,1003 18130,258 151 ,,,,,5000,5000,5000,0,0,0,100,0,400,false,false,false,false,false,false,false,,,,,,,,,,,-1,0,-1,,,,-1,-1,,-1,-1,-1,-1,,-1,0,0,,41 209 ,157 25 151 209 ,false,0,0,,false,0,,0
43,14080,秣陵,1,false,9,1022 1093 1231 1103 1201 18127 31051,250 163 ,9471 397 222 9438 9415 9412 389 642 526 443 ,,,,80000,145000,5000000,200,200,200,100,200,500,false,false,false,false,false,false,false,,,,,,,,,,1 ,-1,0,-1,,,,-1,-1,,-1,-1,-1,-1,,-1,0,0,,44 157 158 174 175 210 209 ,,false,0,0,,false,0,,0
44,13144,吴县,23,false,9,1000 1022 31054,273 166 ,142 ,,,,120000,145000,2000000,200,200,200,100,200,400,false,false,false,false,false,false,false,,,,,,,,,,,-1,0,-1,,,,-1,-1,,-1,-1,-1,-1,,-1,0,0,,157 174 175 43 ,,false,0,0,,false,0,,0
45,13145,山阴,23,false,9,1022 31051,275 183 ,238 151 50 ,,,,80000,145000,2000000,200,200,200,100,200,400,false,false,false,false,false,false,false,,,,,,,,,,,-1,0,-1,,,,-1,-1,,-1,-1,-1,-1,,-1,0,0,,174 175 47 ,,false,0,0,,false,0,,0
46,13146,始新,23,false,9,1021 1103 31050,255 186 ,,,,,40000,120000,2000000,200,200,200,100,200,400,false,false,false,false,false,false,false,,,,,,,,,,,-1,0,-1,,,,-1,-1,,-1,-1,-1,-1,,-1,0,0,,175 50 158 56 ,,false,0,0,,false,0,,0
47,13147,章安,23,false,9,1010 1020 1103,281 196 ,,,,,30000,120000,2000000,200,200,100,100,200,400,false,false,false,false,false,false,false,,,,,,,,,,,-1,0,-1,,,,-1,-1,,-1,-1,-1,-1,,-1,0,0,,45 175 56 ,48 57 ,false,0,0,,false,0,,0
48,13148,侯官,23,false,9,1020 1231 18132,264 249 ,,,,,30000,120000,2000000,200,200,400,100,200,200,false,false,false,false,false,false,false,,,,,,,,,,,-1,0,-1,,,,-1,-1,,-1,-1,-1,-1,,-1,0,0,,55 ,47 57 ,false,0,0,,false,0,,0
49,13149,柴桑,23,false,9,1022 1011 1010 1200 1231 1330 31054,216 200 ,,,,,120000,200000,5000000,200,200,200,100,200,500,false,false,false,false,false,false,false,,,,,,,,,,,-1,0,-1,,,,-1,-1,,-1,-1,-1,-1,,-1,0,0,,16 51 52 ,,false,0,0,,false,0,,0
50,14032,虎林港,3,false,9,1073 1103 1330 1230 18132,234 183 ,,,,,5000,20000,2000000,200,200,200,100,200,400,false,false,false,false,false,false,false,,,,,,,,,,,-1,0,-1,,,,-1,-1,,-1,-1,-1,-1,,-1,0,0,,46 51 158 56 ,25 72 ,false,0,0,,false,0,,0
51,13151,鄱阳,23,false,9,1010 1021 31050,220 215 ,,,,,40000,120000,2000000,200,200,200,100,200,400,false,false,false,false,false,false,false,,,,,,,,,,,-1,0,-1,,,,-1,-1,,-1,-1,-1,-1,,-1,0,0,,50 53 52 55 49 56 ,,false,0,0,,false,0,,0
52,13152,南昌,23,false,9,1001 1002 1022 31054,211 226 ,59 ,,,,120000,120000,2000000,200,200,200,100,200,400,false,false,false,false,false,false,false,,,,,,,,,,,-1,0,-1,,,,-1,-1,,-1,-1,-1,-1,,-1,0,0,,51 53 54 49 60 ,,false,0,0,,false,0,,0
53,13153,南城,23,false,9,1013 1021 1100 31050,228 238 ,,,,,40000,120000,2000000,200,200,200,100,200,500,false,false,false,false,false,false,false,,,,,,,,,,,-1,0,-1,,,,-1,-1,,-1,-1,-1,-1,,-1,0,0,,51 54 52 55 ,,false,0,0,,false,0,,0
54,13154,高昌,23,false,9,1021 1001 1003 31053,201 252 ,,,,,100000,120000,2000000,200,200,200,100,200,400,false,false,false,false,false,false,false,,,,,,,,,,,-1,0,-1,,,,-1,-1,,-1,-1,-1,-1,,-1,0,0,,53 64 66 52 ,,false,0,0,,false,0,,0
55,13155,建安,23,false,9,1013 1021 31050,246 243 ,,,,,40000,120000,2000000,200,200,200,100,200,400,false,false,false,false,false,false,false,,,,,,,,,,,-1,0,-1,,,,-1,-1,,-1,-1,-1,-1,,-1,0,0,,48 51 53 ,,false,0,0,,false,0,,0
56,13156,山越,11,false,9,1002 1100 1200 18137 18138 31050,245 201 ,9476 9477 9469 9083 9312 9090 9086 9084 9087 ,,,,100000,140000,2000000,200,200,200,100,200,400,false,false,false,false,false,false,false,,,,,,,,,,,-1,0,-1,,,,-1,-1,,-1,-1,-1,-1,,-1,0,0,,46 47 50 51 158 ,,false,0,0,,false,0,,0
57,13157,夷西渡口,3,false,18,1010 18129,281 255 ,,,,,5000,20000,2000000,0,0,0,100,0,400,false,false,false,false,false,false,false,,,,,,,,,,,-1,0,-1,,,,-1,-1,,-1,-1,-1,-1,,-1,0,0,,58 ,47 48 ,false,0,0,,false,0,,0
58,13158,夷洲,23,false,18,1090 31050,292 249 ,,,,,40000,20000,2000000,200,200,200,100,200,400,false,false,false,false,false,false,false,,,,,,,,,,,-1,0,-1,,,,-1,-1,,-1,-1,-1,-1,,-1,0,0,,57 ,,false,0,0,,false,0,,0
59,14037,己吾,20,false,2,1100 1022 31050,193 136 ,,,,,40000,120000,2000000,200,200,200,100,200,400,false,false,false,false,false,false,false,,,,,,,,,,,-1,0,-1,,,,-1,-1,,-1,-1,-1,-1,,-1,0,0,,5 6 17 164 162 ,,false,0,0,,false,0,,0
60,13160,临湘,25,false,11,1010 1022 31055,159 235 ,185 ,,,,150000,145000,2000000,200,200,200,100,200,400,false,false,false,false,false,false,false,,,,,,,,,,,-1,0,-1,,,,-1,-1,,-1,-1,-1,-1,,-1,0,0,,52 61 63 64 62 15 ,,false,0,0,,false,0,,0
61,13161,临沅,25,false,11,1022 1100 1200 31053,137 224 ,,,,,100000,145000,2000000,200,200,200,100,200,400,false,false,false,false,false,false,false,,,,,,,,,,,-1,0,-1,,,,-1,-1,,-1,-1,-1,-1,,-1,0,0,,89 67 208 60 ,,false,0,0,,false,0,,0
62,13162,湘南,25,false,11,1021 1003 31051,153 241 ,,,,,80000,120000,2000000,200,200,200,100,200,400,false,false,false,false,false,false,false,,,,,,,,,,,-1,0,-1,,,,-1,-1,,-1,-1,-1,-1,,-1,0,0,,60 63 ,,false,0,0,,false,0,,0
63,13163,泉陵,25,false,11,1002 1022 31054,151 259 ,9450 9449 ,,,,120000,145000,2000000,200,200,200,100,200,400,false,false,false,false,false,false,false,,,,,,,,,,,-1,0,-1,,,,-1,-1,,-1,-1,-1,-1,,-1,0,0,,64 73 65 60 62 ,,false,0,0,,false,0,,0
64,13164,郴县,25,false,11,1022 31054,171 265 ,,,,,120000,145000,2000000,200,200,200,100,200,400,false,false,false,false,false,false,false,,,,,,,,,,,-1,0,-1,,,,-1,-1,,-1,-1,-1,-1,,-1,0,0,,63 66 54 65 60 ,,false,0,0,,false,0,,0
65,13165,临贺,23,false,16,1021 1001 31050,148 271 ,,,,,80000,120000,2000000,200,200,200,100,200,400,false,false,false,false,false,false,false,,,,,,,,,,,-1,0,-1,,,,-1,-1,,-1,-1,-1,-1,,-1,0,0,,63 64 ,,false,0,0,,false,0,,0
66,13166,番禹,23,false,16,1022 1001 1000 1103 31053,174 289 ,,,,,100000,145000,2000000,200,200,200,100,200,400,false,false,false,false,false,false,false,,,,,,,,,,,-1,0,-1,,,,-1,-1,,-1,-1,-1,-1,,-1,0,0,,64 69 54 ,,false,0,0,,false,0,,0
67,13167,夷道,25,false,11,1021 1100,136 208 ,,,,,30000,120000,2000000,200,200,200,100,200,400,false,false,false,false,false,false,false,,,,,,,,,,,-1,0,-1,,,,-1,-1,,-1,-1,-1,-1,,-1,0,0,,61 206 208 10 ,,false,0,0,,false,0,,0
68,14039,临江,24,false,12,1020,106 210 ,,,,,30000,120000,2000000,200,200,200,100,200,400,false,false,false,false,false,false,false,,,,,,,,,,,-1,0,-1,,,,-1,-1,,-1,-1,-1,-1,,-1,0,0,,84 86 ,,false,0,0,,false,0,,0
69,13169,广信,23,false,16,1070 1021 31054,150 282 ,,,,,120000,120000,2000000,200,200,200,100,200,400,false,false,false,false,false,false,false,,,,,,,,,,,-1,0,-1,,,,-1,-1,,-1,-1,-1,-1,,-1,0,0,,66 73 ,,false,0,0,,false,0,,0
70,14038,江油关,10,false,12,1013 3251,51 167 ,,,,,5000,0,0,0,0,0,100,0,800,false,false,false,false,false,false,false,,,,,,,,,,,-1,0,-1,,,,-1,-1,,-1,-1,-1,-1,,-1,0,0,,181 103 ,,false,0,0,,false,0,,0
71,13171,合浦,23,false,16,1021 1010 31050,122 297 ,,,9454 9433 9319 9313 ,,40000,120000,2000000,200,200,200,100,200,400,false,false,false,false,false,false,false,,,,,,,,,,,-1,0,-1,,,,-1,-1,,-1,-1,-1,-1,,-1,0,0,,74 73 ,,false,0,0,,false,0,,0
72,14029,皖口港,3,false,8,,224 181 ,,,,,5000,20000,2000000,200,200,200,100,200,400,false,false,false,false,false,false,false,,,,,,,,,,,-1,0,-1,,,,-1,-1,,-1,-1,-1,-1,,-1,0,0,,22 ,50 16 ,false,0,0,,false,0,,0
73,13173,布山,23,false,16,1021 31050,134 282 ,,,,,40000,120000,2000000,200,200,200,100,200,400,false,false,false,false,false,false,false,,,,,,,,,,,-1,0,-1,,,,-1,-1,,-1,-1,-1,-1,,-1,0,0,,63 69 71 74 ,,false,0,0,,false,0,,0
74,13174,龙编,23,false,16,1022 1070 1100 18125 31051,95 297 ,9341 9337 9336 9339 9342 9340 9338 468 ,,,,80000,140000,2000000,200,200,200,100,200,400,false,false,false,false,false,false,false,,,,,,,,,,19 ,-1,0,-1,,,,-1,-1,,-1,-1,-1,-1,,-1,0,0,,71 73 ,,false,0,0,,false,0,,0
75,14031,沓中,22,false,15,1063,38 143 ,,,,,30000,20000,2000000,200,200,200,100,200,400,false,false,false,false,false,false,false,,,,,,,,,,,-1,0,-1,,,,-1,-1,,-1,-1,-1,-1,,-1,0,0,,113 186 114 103 ,,false,0,0,,false,0,,0
76,14027,夏口港,3,false,10,1103,181 178 ,,,,,5000,20000,2000000,200,200,200,100,200,400,false,false,false,false,false,false,false,,,,,,,,,,,-1,0,-1,,,,-1,-1,,-1,-1,-1,-1,,-1,0,0,,8 205 ,14 16 ,false,0,0,,false,0,,0
77,14021,安风,20,false,8,1020 31050,211 160 ,,,,,40000,120000,2000000,200,200,200,100,100,400,false,false,false,false,false,false,false,,,,,,,,,,,-1,0,-1,,,,-1,-1,,-1,-1,-1,-1,,-1,0,0,,163 204 ,,false,0,0,,false,0,,0
78,14022,卢县,20,false,2,1003 1022 31053,211 100 ,,,,,100000,120000,2000000,200,200,200,100,100,400,false,false,false,false,false,false,false,,,,,,,,,,,-1,0,-1,,,,-1,-1,,-1,-1,-1,-1,,-1,0,0,,166 27 26 ,,false,0,0,,false,0,,0
79,14023,乐成,21,false,5,1000 1022 31050,198 71 ,,,,,120000,20000,2000000,200,200,200,100,200,400,false,false,false,false,false,false,false,,,,,,,,,17 ,,-1,0,-1,,,,-1,-1,,-1,-1,-1,-1,,-1,0,0,,134 136 144 ,,false,0,0,,false,0,,0
80,13180,成都,1,false,12,1022 1211 1310 1093 1090 1091 18126 31056,37 211 37 210 37 212 36 211 38 211 ,9464 420 423 573 154 143 9536 162 212 209 49 46 9354 9324 306 553 9305 570 9271 624 614 616 9250 166 188 9535 480 9120 ,,,,200000,145000,5000000,200,200,200,100,200,400,false,false,false,false,false,false,false,,,,,,,,,,20 ,-1,0,-1,,,,-1,-1,,-1,-1,-1,-1,,-1,0,0,,87 96 180 81 82 84 ,,false,0,0,,false,0,,0
81,13181,汉嘉,24,false,12,1022 1011 31054,28 219 ,,,,,120000,120000,2000000,200,200,200,100,200,400,false,false,false,false,false,false,false,,,,,,,,,,,-1,0,-1,,,,-1,-1,,-1,-1,-1,-1,,-1,0,0,,80 88 ,,false,0,0,,false,0,,0
82,13182,武阳,24,false,12,1022 1002 31051,40 223 ,,,,,80000,120000,2000000,200,200,200,100,200,400,false,false,false,false,false,false,false,,,,,,,,,,,-1,0,-1,,,,-1,-1,,-1,-1,-1,-1,,-1,0,0,,80 90 180 83 ,,false,0,0,,false,0,,0
83,13183,江阳,24,false,12,1021 1010 31050,61 238 ,,,,,80000,120000,2000000,200,200,200,100,200,400,false,false,false,false,false,false,false,,,,,,,,,,,-1,0,-1,,,,-1,-1,,-1,-1,-1,-1,,-1,0,0,,82 90 180 84 ,,false,0,0,,false,0,,0
84,13184,江州,24,false,12,1022 1012 1121 31053,90 223 ,,,,,100000,120000,2000000,200,200,200,100,200,400,false,false,false,false,false,false,false,,,,,,,,,,,-1,0,-1,,,,-1,-1,,-1,-1,-1,-1,,-1,0,0,,80 83 89 97 180 68 ,,false,0,0,,false,0,,0
85,14025,易京,21,false,5,1093 1022 31050,199 56 ,,,,,40000,20000,2000000,100,100,100,100,100,400,false,false,false,false,false,false,false,,,,,,,,,,,-1,0,-1,,,,-1,-1,,-1,-1,-1,-1,,-1,0,0,,136 144 141 138 139 ,,false,0,0,,false,0,,0
86,13186,永安,24,false,12,1022 1093 1012 31053,114 193 ,,,,,100000,200000,2000000,200,200,200,100,200,400,false,false,false,false,false,false,false,,,,,,,,,,,-1,0,-1,,,,-1,-1,,-1,-1,-1,-1,,-1,0,0,,68 207 ,,false,0,0,,false,0,,0
87,13187,绵竹关,2,true,12,1083 3251,39 200 38 200 40 200 37 200 41 200 ,,,,,0,0,0,0,0,0,100,0,800,false,false,false,false,false,false,false,,,,,,,,,,,-1,0,-1,,,,-1,-1,,-1,-1,-1,-1,,-1,0,0,,181 96 80 ,,false,0,0,,false,0,,0
88,13188,邛都,27,false,13,1020 1013 31050,17 258 ,,,,,150000,120000,2000000,200,200,200,100,200,400,false,false,false,false,false,false,false,,,,,,,,,,,-1,0,-1,,,,-1,-1,,-1,-1,-1,-1,,-1,0,0,,81 95 ,,false,0,0,,false,0,,0
89,13189,且兰,27,false,13,1020 31050,103 248 ,,,,,80000,120000,2000000,200,200,200,100,200,400,false,false,false,false,false,false,false,,,,,,,,,,,-1,0,-1,,,,-1,-1,,-1,-1,-1,-1,,-1,0,0,,61 84 91 ,,false,0,0,,false,0,,0
90,13190,朱提,27,false,13,1020 1010,44 266 ,,,,,30000,120000,2000000,200,200,200,100,200,400,false,false,false,false,false,false,false,,,,,,,,,,,-1,0,-1,,,,-1,-1,,-1,-1,-1,-1,,-1,0,0,,82 83 91 202 ,,false,0,0,,false,0,,0
91,13191,味县,27,false,13,1000 1123,50 278 ,,,,,30000,145000,2000000,200,200,200,100,200,400,false,false,false,false,false,false,false,,,,,,,,,,,-1,0,-1,,,,-1,-1,,-1,-1,-1,-1,,-1,0,0,,89 90 202 ,,false,0,0,,false,0,,0
92,14019,乌巢,4,false,2,1030 1083 3100 3060 3400,178 122 ,,,,,0,0,0,0,0,0,100,0,400,false,false,false,false,false,false,false,,,,,,,,,,,-1,0,-1,,,,-1,-1,,-1,-1,-1,-1,,-1,0,0,,104 18 31 154 ,,false,0,0,,false,0,,0
93,13193,南蛮,27,false,13,1002 18139 31050,23 298 ,9026 9030 ,,,,100000,145000,2000000,200,200,200,100,200,400,false,false,false,false,false,false,false,,,,,,,,,,,-1,0,-1,,,,-1,-1,,-1,-1,-1,-1,,-1,0,0,,202 ,,false,0,0,,false,0,,0
94,13194,梇栋,27,false,13,1122 1090 31050,13 286 ,,,,,40000,100000,2000000,200,200,200,100,200,400,false,false,false,false,false,false,false,,,,,,,,,,,-1,0,-1,,,,-1,-1,,-1,-1,-1,-1,,-1,0,0,,95 202 ,,false,0,0,,false,0,,0
95,13195,不韦,27,false,13,1020 1123 1012 31054,4 288 ,,,,,120000,20000,2000000,200,200,100,100,400,400,false,false,false,false,false,false,false,,,,,,,,,,,-1,0,-1,,,,-1,-1,,-1,-1,-1,-1,,-1,0,0,,88 94 ,,false,0,0,,false,0,,0
96,13196,雒县,24,false,12,1022 1083 31050,38 203 ,,,,,40000,120000,2000000,200,200,200,100,200,400,false,false,false,false,false,false,false,,,,,,,,,,,-1,0,-1,,,,-1,-1,,-1,-1,-1,-1,,-1,0,0,,87 80 ,,false,0,0,,false,0,,0
97,13197,阆中,24,false,12,1022 1083 1210 31051,71 184 ,,,,,80000,120000,2000000,200,200,200,100,200,400,false,false,false,false,false,false,false,,,,,,,,,,,-1,0,-1,,,,-1,-1,,-1,-1,-1,-1,,-1,0,0,,99 84 ,,false,0,0,,false,0,,0
98,13198,梓潼,24,false,12,1022 1010 1073 1300 31050,56 178 ,,,,,80000,110000,2000000,200,200,200,100,200,400,false,false,false,false,false,false,false,,,,,,,,,,,-1,0,-1,,,,-1,-1,,-1,-1,-1,-1,,-1,0,0,,153 181 180 ,,false,0,0,,false,0,,0
99,13199,剑阁,2,false,12,1073 3251,62 169 63 169 61 169 ,,,,,0,0,0,0,0,0,100,0,400,false,false,false,false,false,false,false,,,,,,,,,,,-1,0,-1,,,,-1,-1,,-1,-1,-1,-1,,-1,0,0,,32 97 101 153 103 ,,false,0,0,,false,0,,0
100,13200,南郑,24,false,12,1022 1010 1011 1200 1093 31051,82 162 ,396 442 584 585 588 579 21 ,,,,80000,145000,5000000,200,200,200,100,400,400,false,false,false,false,false,false,false,,,,,,,,,,,-1,0,-1,,,,-1,-1,,-1,-1,-1,-1,,-1,0,0,,101 184 178 ,,false,0,0,,false,0,,0
101,13201,阳平关,2,true,12,1093 3251,75 158 75 157 75 159 ,,,,,0,0,0,0,0,0,100,0,800,false,false,false,false,false,false,false,,,,,,,,,,,-1,0,-1,,,,-1,-1,,-1,-1,-1,-1,,-1,0,0,,32 100 99 ,,false,0,0,,false,0,,0
102,13202,下辨,22,false,15,1003 1022 31050,62 146 ,9003 9000 9002 9005 ,,,,40000,120000,2000000,200,200,200,100,200,400,false,false,false,false,false,false,false,,,,,,,,,,,-1,0,-1,,,,-1,-1,,-1,-1,-1,-1,,-1,0,0,,112 103 ,,false,0,0,,false,0,,0
103,13203,阴平,24,false,12,1021,49 153 ,,,,,30000,150000,2000000,200,200,200,100,200,400,false,false,false,false,false,false,false,,,,,,,,,,,-1,0,-1,,,,-1,-1,,-1,-1,-1,-1,,-1,0,0,,70 75 99 102 ,,false,0,0,,false,0,,0
104,14018,官渡,4,false,2,1013 3100 3060 3400,176 130 ,,,,,0,0,0,0,0,0,100,0,200,false,false,false,false,false,false,false,,,,,,,,,,,-1,0,-1,,,,-1,-1,,-1,-1,-1,-1,,-1,0,0,,92 154 5 17 148 ,,false,0,0,,false,0,,0
105,13205,长安,1,false,0,1022 1093 1092 1321 1091 1221 1201 31053,115 139 115 140 115 141 116 140 114 140 ,249 276 9541 9432 590 9431 290 9395 9487 9368 9377 9345 9243 9242 9244 598 60 189 9207 9199 65 9154 525 9141 491 9125 ,,,,100000,500000,5000000,200,200,200,100,200,800,false,false,false,false,false,false,false,,,,,,,,,18 ,22 ,-1,0,-1,,,,-1,-1,,-1,-1,-1,-1,,-1,0,0,,178 190 191 192 106 109 ,,false,0,0,,true,0,,0
106,13206,槐里,22,false,0,1022 1083 1220,103 139 ,,,,,30000,145000,4000000,200,200,200,100,200,400,false,false,false,false,false,false,false,,,,,,,,,,,-1,0,-1,,,,-1,-1,,-1,-1,-1,-1,,-1,0,0,,105 183 190 109 ,,false,0,0,,false,0,,0
107,13207,临晋,22,false,0,1022 1320 1063,124 123 ,,,,,30000,120000,2000000,200,200,200,100,200,400,false,false,false,false,false,false,false,,,,,,,,,,,-1,0,-1,,,,-1,-1,,-1,-1,-1,-1,,-1,0,0,,190 198 108 ,,false,0,0,,false,0,,0
108,13208,祋栩,22,false,0,1022 1013,110 123 ,,,,,30000,120000,2000000,200,200,200,100,200,400,false,false,false,false,false,false,false,,,,,,,,,,,-1,0,-1,,,,-1,-1,,-1,-1,-1,-1,,-1,0,0,,107 110 190 194 ,,false,0,0,,false,0,,0
109,13209,漆县,22,false,0,1022 1013,102 124 ,,,,,30000,120000,2000000,200,200,200,100,200,400,false,false,false,false,false,false,false,,,,,,,,,,,-1,0,-1,,,,-1,-1,,-1,-1,-1,-1,,-1,0,0,,105 106 156 190 110 ,,false,0,0,,false,0,,0
110,13210,临泾,22,false,15,1021 1220 1320,93 122 ,,,,,30000,100000,5000000,200,200,200,100,200,400,false,false,false,false,false,false,false,,,,,,,,,,,-1,0,-1,,,,-1,-1,,-1,-1,-1,-1,,-1,0,0,,109 156 182 108 188 ,,false,0,0,,false,0,,0
111,13211,上邽,22,false,15,1021 1000,65 136 ,,,,,30000,120000,2000000,200,200,200,100,200,400,false,false,false,false,false,false,false,,,,,,,,,,,-1,0,-1,,,,-1,-1,,-1,-1,-1,-1,,-1,0,0,,112 189 ,,false,0,0,,false,0,,0
112,13212,冀县,22,false,15,1022 1320,57 134 ,,,,,30000,120000,2000000,200,200,200,100,200,400,false,false,false,false,false,false,false,,,,,,,,,,,-1,0,-1,,,,-1,-1,,-1,-1,-1,-1,,-1,0,0,,102 113 111 ,,false,0,0,,false,0,,0
113,13213,襄武,22,false,15,1021 1102,47 129 ,583 14 506 646 174 109 464 313 314 ,,,,30000,140000,2000000,200,200,200,100,200,400,false,false,false,false,false,false,false,,,,,,,,,,,-1,0,-1,,,,-1,-1,,-1,-1,-1,-1,,-1,0,0,,75 112 115 2 ,,false,0,0,,false,0,,0
114,13214,羌胡,11,false,15,1102 18135 18136 31050 30031,15 141 ,9039 9035 9034 9038 9033 ,,,,100000,40000,2000000,200,200,200,100,200,400,false,false,false,false,false,false,false,,,,,,,,,,,-1,0,-1,,,,-1,-1,,-1,-1,-1,-1,,-1,0,0,,75 186 ,,false,0,0,,false,0,,0
115,13215,榆中,22,false,15,1021 1002 1320,44 118 ,,,,,30000,20000,2000000,200,200,200,100,200,400,false,false,false,false,false,false,false,,,,,,,,,,,-1,0,-1,,,,-1,-1,,-1,-1,-1,-1,,-1,0,0,,113 186 2 ,,false,0,0,,false,0,,0
116,13216,西都,22,false,15,1021 1092 1221 1321,3 106 ,9303 558 507 516 517 515 ,,,,30000,145000,2000000,200,200,200,100,400,400,false,false,false,false,false,false,false,,,,,,,,,13 ,,-1,0,-1,,,,-1,-1,,-1,-1,-1,-1,,-1,0,0,,185 ,,false,0,0,,false,0,,0
117,14075,姑臧,22,false,14,1022 1102 18122 31051,30 99 ,,,,,30000,120000,2000000,200,200,200,100,201,400,false,false,false,false,false,false,false,,,,,,,,,,23 ,-1,0,-1,,,,-1,-1,,-1,-1,-1,-1,,-1,0,0,,118 185 ,,false,0,0,,false,0,,0
118,14076,觻得,22,false,14,1020,24 83 ,,,,,30000,120000,2000000,200,200,200,100,200,400,false,false,false,false,false,false,false,,,,,,,,,,,-1,0,-1,,,,-1,-1,,-1,-1,-1,-1,,-1,0,0,,119 117 ,,false,0,0,,false,0,,0
119,14077,禄福,22,false,14,1020 1001,12 72 ,,,,,30000,20000,2000000,200,200,200,100,200,400,false,false,false,false,false,false,false,,,,,,,,,,,-1,0,-1,,,,-1,-1,,-1,-1,-1,-1,,-1,0,0,,120 121 118 ,,false,0,0,,false,0,,0
120,14078,敦煌,22,false,14,1020 1001,2 58 ,,,,,30000,121000,2000000,200,200,200,100,200,400,false,false,false,false,false,false,false,,,,,,,,,,,-1,0,-1,,,,-1,-1,,-1,-1,-1,-1,,-1,0,0,,121 122 119 ,,false,0,0,,false,0,,0
121,14079,居延,22,false,14,1020,29 45 ,,,,,30000,120000,2000000,200,200,200,100,200,400,false,false,false,false,false,false,false,,,,,,,,,,,-1,0,-1,,,,-1,-1,,-1,-1,-1,-1,,-1,0,0,,122 120 119 ,,false,0,0,,false,0,,0
122,13222,乌孙,11,false,17,1102,3 38 ,,,,,100000,120000,2000000,200,200,200,100,200,400,false,false,false,false,false,false,false,,,,,,,,,,,-1,0,-1,,,,-1,-1,,-1,-1,-1,-1,,-1,0,0,,121 120 ,,false,0,0,,false,0,,0
123,13223,美稷,11,false,6,1022 1102 1221 1320 18134 31051,127 41 ,9489 9078 9074 9076 9075 9077 9080 215 ,,,,100000,145000,2000000,200,200,200,100,200,400,false,false,false,false,false,false,false,,,,,,,,,,,-1,0,-1,,,,-1,-1,,-1,-1,-1,-1,,-1,0,0,,196 197 194 195 ,,false,0,0,,false,0,,0
124,13224,安邑,21,false,0,1022 1002 31054,138 114 ,,,,,120000,120000,2000000,200,200,200,100,200,400,false,false,false,false,false,false,false,,,,,,,,,,,-1,0,-1,,,,-1,-1,,-1,-1,-1,-1,,-1,0,0,,168 126 198 ,,false,0,0,,false,0,,0
125,13225,怀县,21,false,0,1022 1073 31054,166 113 ,,,,,120000,20000,2000000,200,200,200,100,200,400,false,false,false,false,false,false,false,,,,,,,,,,,-1,0,-1,,,,-1,-1,,-1,-1,-1,-1,,-1,0,0,,169 168 193 127 ,,false,0,0,,false,0,,0
126,13226,平阳,21,false,0,1022 1080 31050,137 101 ,,,,,40000,120000,2000000,200,200,200,100,200,400,false,false,false,false,false,false,false,,,,,,,,,,,-1,0,-1,,,,-1,-1,,-1,-1,-1,-1,,-1,0,0,,124 129 130 ,,false,0,0,,false,0,,0
127,13227,邺县,1,false,5,1022 1013 1100 1200 31055,174 97 ,411 258 305 9391 9116 ,,,,150000,45000,2000000,200,200,200,100,200,400,false,false,false,false,false,false,false,,,,,,,,,,24 ,-1,0,-1,,,,-1,-1,,-1,-1,-1,-1,,-1,0,0,,125 134 169 170 172 200 201 ,,false,0,0,,false,0,,0
128,14030,界桥,4,false,5,1073 3100 3060 3400,189 86 ,,,,,0,0,0,0,0,0,100,0,500,false,false,false,false,false,false,false,,,,,,,,,,,-1,0,-1,,,,-1,-1,,-1,-1,-1,-1,,-1,0,0,,134 171 201 ,,false,0,0,,false,0,,0
129,13229,晋阳,21,false,6,1022 1080 1081 1321 18121 31051,147 74 ,168 ,,,,80000,120000,2000000,200,200,200,100,200,400,false,false,false,false,false,false,false,,,,,,,,,,25 ,-1,0,-1,,,,-1,-1,,-1,-1,-1,-1,,-1,0,0,,131 130 126 137 ,,false,0,0,,false,0,,0
130,13230,离石,21,false,6,1022,135 85 ,,,,,30000,120000,2000000,200,200,200,100,200,400,false,false,false,false,false,false,false,,,,,,,,,,,-1,0,-1,,,,-1,-1,,-1,-1,-1,-1,,-1,0,0,,129 126 194 ,,false,0,0,,false,0,,0
131,13231,原平,21,false,6,1022 1013 31050,152 59 ,,,,,100000,100000,4000000,200,200,200,100,200,400,false,false,false,false,false,false,false,,,,,,,,,,,-1,0,-1,,,,-1,-1,,-1,-1,-1,-1,,-1,0,0,,132 129 ,,false,0,0,,false,0,,0
132,13232,雁门关,2,true,6,1093 1210 3251,155 46 154 46 156 46 ,,,,,0,0,0,0,0,0,100,0,800,false,false,false,false,false,false,false,,,,,,,,,,,-1,0,-1,,,,-1,-1,,-1,-1,-1,-1,,-1,0,0,,140 155 131 138 ,,false,0,0,,false,0,,0
133,13233,平原,21,false,4,1022 1003 1200 31055,208 89 ,,,,,150000,200000,4000000,200,200,200,100,400,400,false,false,false,false,false,false,false,,,,,,,,,,,-1,0,-1,,,,-1,-1,,-1,-1,-1,-1,,-1,0,0,,135 136 166 167 171 ,,false,0,0,,false,0,,0
134,13234,信都,21,false,5,1022 1073 31055,191 79 ,,,,,150000,200000,4000000,200,200,200,100,200,400,false,false,false,false,false,false,false,,,,,,,,,9 ,,-1,0,-1,,,,-1,-1,,-1,-1,-1,-1,,-1,0,0,,128 79 137 127 201 ,,false,0,0,,false,0,,0
135,13235,厌次,21,false,4,1022 31050,219 78 ,,,,,100000,120000,2000000,200,200,200,100,200,400,false,false,false,false,false,false,false,,,,,,,,,,,-1,0,-1,,,,-1,-1,,-1,-1,-1,-1,,-1,0,0,,136 133 ,,false,0,0,,false,0,,0
136,13236,南皮,21,false,5,1022 1080 1081 1100 1102 18123 31056,208 73 ,239 9459 428 9441 13 20 18 17 9435 123 145 304 545 9383 475 474 9359 308 356 303 125 158 657 644 656 622 610 353 271 265 9189 9183 9540 62 71 9539 9538 191 164 9537 552 492 214 255 460 9105 ,,,,200000,300000,10000000,200,200,200,100,200,400,false,false,false,false,false,false,false,,,,,,,,,8 ,,-1,0,-1,,,,-1,-1,,-1,-1,-1,-1,,-1,0,0,,79 85 135 171 144 133 141 ,,false,0,0,,false,0,,0
137,13237,true定,21,false,5,1022 31051,173 72 ,398 9442 9379 9352 9140 ,,,,80000,145000,2000000,200,200,200,100,200,400,false,false,false,false,false,false,false,,,,,,,,,4 ,,-1,0,-1,,,,-1,-1,,-1,-1,-1,-1,,-1,0,0,,129 134 200 138 201 ,,false,0,0,,false,0,,0
138,13238,卢奴,21,false,5,1022 31055,178 58 ,,,,,150000,120000,2000000,200,200,200,100,200,400,false,false,false,false,false,false,false,,,,,,,,,,,-1,0,-1,,,,-1,-1,,-1,-1,-1,-1,,-1,0,0,,85 132 137 199 139 ,,false,0,0,,false,0,,0
139,13239,涿县,21,false,7,1022 1000 31055,190 50 ,,,,,150000,120000,2000000,200,200,200,100,200,400,false,false,false,false,false,false,false,,,,,,,,,,,-1,0,-1,,,,-1,-1,,-1,-1,-1,-1,,-1,0,0,,85 138 141 199 ,,false,0,0,,false,0,,0
140,13240,高柳,26,false,7,1021 1102,165 24 ,,,,,30000,120000,2000000,200,200,200,100,200,400,false,false,false,false,false,false,false,,,,,,,,,,,-1,0,-1,,,,-1,-1,,-1,-1,-1,-1,,-1,0,0,,159 155 132 199 142 ,,false,0,0,,false,0,,0
141,13241,蓟县,21,false,7,1022 1010 1011 31053,198 43 ,,,,,100000,145000,2000000,200,200,200,100,200,400,false,false,false,false,false,false,false,,,,,,,,,,26 ,-1,0,-1,,,,-1,-1,,-1,-1,-1,-1,,-1,0,0,,85 136 142 143 144 139 ,,false,0,0,,false,0,,0
142,13242,沮阳,26,false,7,1021 1102,190 31 ,,,,,30000,120000,2000000,200,200,200,100,200,400,false,false,false,false,false,false,false,,,,,,,,,,,-1,0,-1,,,,-1,-1,,-1,-1,-1,-1,,-1,0,0,,140 159 143 141 ,,false,0,0,,false,0,,0
143,13243,渔阳,21,false,7,1022 18128 31054,207 36 ,,,,,120000,120000,2000000,200,200,200,100,200,400,false,false,false,false,false,false,false,,,,,,,,,,,-1,0,-1,,,,-1,-1,,-1,-1,-1,-1,,-1,0,0,,142 144 141 160 ,,false,0,0,,false,0,,0
144,13244,土垠,21,false,7,1022 1010 1011 1102 1220 18120 31051,216 51 ,312 395 9392 47 477 472 9356 9511 9510 9237 9196 111 180 181 183 9150 323 ,,,,30000,100000,2000000,200,200,200,100,200,500,false,false,false,false,false,false,false,,,,,,,,,16 ,,-1,0,-1,,,,-1,-1,,-1,-1,-1,-1,,-1,0,0,,79 85 136 143 141 160 146 ,,false,0,0,,false,0,,0
145,14024,伊阙关,10,false,0,1093 3251,155 134 ,,,,,5000,0,0,0,0,0,100,0,800,false,false,false,false,false,false,false,,,,,,,,,,,-1,0,-1,,,,-1,-1,,-1,-1,-1,-1,,-1,0,0,,0 148 152 ,,false,0,0,,false,0,,0
146,13246,昌黎,21,false,7,1022 1002 31050,240 24 ,,,,,40000,120000,2000000,200,200,200,100,200,400,false,false,false,false,false,false,false,,,,,,,,,,,-1,0,-1,,,,-1,-1,,-1,-1,-1,-1,,-1,0,0,,144 147 160 ,,false,0,0,,false,0,,0
147,13247,襄平,21,false,7,1022 1001 31050,258 29 ,9427 9268 179 178 182 ,,,,40000,145000,2000000,200,200,200,100,200,400,false,false,false,false,false,false,false,,,,,,,,,,,-1,0,-1,,,,-1,-1,,-1,-1,-1,-1,,-1,0,0,,149 150 173 146 ,,false,0,0,,false,0,,0
148,13248,轘辕关,2,false,0,1013 3251,162 133 162 132 162 134 ,,,,,0,0,0,0,0,0,100,0,500,false,false,false,false,false,false,false,,,,,,,,,,,-1,0,-1,,,,-1,-1,,-1,-1,-1,-1,,-1,0,0,,5 104 145 ,,false,0,0,,false,0,,0
149,13249,丸都,11,false,17,1221 31051,288 24 ,9011 9014 9012 9016 9010 9013 ,,,,100000,150000,2000000,200,200,200,100,200,400,false,false,false,false,false,false,false,,,,,,,,,,,-1,0,-1,,,,-1,-1,,-1,-1,-1,-1,,-1,0,0,,173 161 147 ,,false,0,0,,false,0,,0
150,13250,朝鲜,21,false,7,1020 31051,287 62 ,,,,,100000,120000,2000000,200,200,200,100,200,400,false,false,false,false,false,false,false,,,,,,,,,,,-1,0,-1,,,,-1,-1,,-1,-1,-1,-1,,-1,0,0,,151 147 ,,false,0,0,,false,0,,0
151,13251,带方港,3,false,7,1003 18129,282 72 ,,,,,5000,20000,0,0,0,0,100,0,400,false,false,false,false,false,false,false,,,,,,,,,,,-1,0,-1,,,,-1,-1,,-1,-1,-1,-1,,-1,0,0,,150 ,42 ,false,0,0,,false,0,,0
152,14028,广成关,2,false,0,1073 3251,160 140 160 141 160 139 ,,,,,0,0,0,0,0,0,100,0,800,false,false,false,false,false,false,false,,,,,,,,,,,-1,0,-1,,,,-1,-1,,-1,-1,-1,-1,,-1,0,0,,5 7 145 203 ,,false,0,0,,false,0,,0
153,14026,葭萌关,2,false,12,1093 3251,60 175 59 175 61 175 ,,,,,0,0,0,0,0,0,100,0,800,false,false,false,false,false,false,false,,,,,,,,,,,-1,0,-1,,,,-1,-1,,-1,-1,-1,-1,,-1,0,0,,99 98 ,,false,0,0,,false,0,,0
154,13102,虎牢关,2,false,0,1093 3251,161 126 161 125 161 127 ,,,,,0,0,0,0,0,0,100,0,800,false,false,false,false,false,false,false,,,,,,,,,,,-1,0,-1,,,,-1,-1,,-1,-1,-1,-1,,-1,0,0,,0 92 104 5 ,,false,0,0,,false,0,,0
155,13255,盛乐,11,false,17,1221 18133 18141 31051,148 29 ,9067 9070 ,,,,100000,145000,2000000,200,200,200,100,200,400,false,false,false,false,false,false,false,,,,,,,,,,,-1,0,-1,,,,-1,-1,,-1,-1,-1,-1,,-1,0,0,,140 132 197 ,,false,0,0,,false,0,,0
156,13256,街亭,4,false,15,3100 3060 3400,73 121 ,,,,,0,0,0,0,0,0,0,0,0,false,false,false,false,false,false,false,,,,,,,,,,,-1,0,-1,,,,-1,-1,,-1,-1,-1,-1,,-1,0,0,,182 189 109 110 188 ,,false,0,0,,false,0,,0
157,13257,曲阿港,3,false,9,1013 18131,260 158 ,,,,,5000,20000,0,0,0,0,100,0,400,false,false,false,false,false,false,false,,,,,,,,,,,-1,0,-1,,,,-1,-1,,-1,-1,-1,-1,,-1,0,0,,174 44 43 ,42 209 ,false,0,0,,false,0,,0
158,14035,宛陵,23,false,9,1022 1201 1120 31053,248 179 ,,,,,100000,200000,2000000,200,200,200,100,200,400,false,false,false,false,false,false,false,,,,,,,,,,,-1,0,-1,,,,-1,-1,,-1,-1,-1,-1,,-1,0,0,,46 50 174 210 43 56 ,,false,0,0,,false,0,,0
159,13259,东部鲜卑,11,false,17,1220 1320 18133 18141 31051,204 6 ,9073 9061 9059 9063 9064 9057 9065 9056 9060 9055 ,,,,100000,145000,2000000,200,200,200,100,200,400,false,false,false,false,false,false,false,,,,,,,,,,,-1,0,-1,,,,-1,-1,,-1,-1,-1,-1,,-1,0,0,,140 142 ,,false,0,0,,false,0,,0
160,14071,白狼山,11,false,17,1200 1320 18140 31051,225 26 ,15 9045 9042 9044 9040 9054 9048 9049 9043 9053 9052 9051 ,,,,100000,145000,2000000,200,200,200,100,200,400,false,false,false,false,false,false,false,,,,,,,,,,,-1,0,-1,,,,-1,-1,,-1,-1,-1,-1,,-1,0,0,,143 144 146 ,,false,0,0,,false,0,,0
161,13261,夫余,11,false,17,,283 3 ,9007 9006 ,,,,100000,140000,2000000,200,200,200,100,200,400,false,false,false,false,false,false,false,,,,,,,,,,,-1,0,-1,,,,-1,-1,,-1,-1,-1,-1,,-1,0,0,,149 173 ,,false,0,0,,false,0,,0
162,13263,陈县,20,false,1,1022 31055,188 146 ,9284 9556 ,,,,150000,120000,2000000,200,200,200,100,200,400,false,false,false,false,false,false,false,,,,,,,,,,,-1,0,-1,,,,-1,-1,,-1,-1,-1,-1,,-1,0,0,,5 6 21 59 164 ,,false,0,0,,false,0,,0
163,13264,六县,20,false,8,1022 31050,218 165 ,,,,,40000,120000,2000000,200,200,200,100,200,400,false,false,false,false,false,false,false,,,,,,,,,,,-1,0,-1,,,,-1,-1,,-1,-1,-1,-1,,-1,0,0,,22 23 24 77 ,,false,0,0,,false,0,,0
164,13265,睢阳,20,false,1,1022 31050,201 135 ,,,,,120000,120000,2000000,200,200,200,100,200,400,false,false,false,false,false,false,false,,,,,,,,,,,-1,0,-1,,,,-1,-1,,-1,-1,-1,-1,,-1,0,0,,37 40 38 6 59 162 ,,false,0,0,,false,0,,0
165,13266,寻阳,23,false,9,1021,210 188 ,,,,,30000,120000,2000000,200,200,200,100,200,400,false,false,false,false,false,false,false,,,,,,,,,,,-1,0,-1,,,,-1,-1,,-1,-1,-1,-1,,-1,0,0,,22 205 ,,false,0,0,,false,0,,0
166,13267,东平陵,20,false,4,1022 31054,217 94 ,,,,,120000,120000,2000000,200,200,200,100,200,400,false,false,false,false,false,false,false,,,,,,,,,,,-1,0,-1,,,,-1,-1,,-1,-1,-1,-1,,-1,0,0,,28 78 167 133 ,,false,0,0,,false,0,,0
167,13268,临济,20,false,4,1022 31054,222 86 ,,,,,120000,120000,2000000,200,200,200,100,200,400,false,false,false,false,false,false,false,,,,,,,,,,,-1,0,-1,,,,-1,-1,,-1,-1,-1,-1,,-1,0,0,,166 133 ,,false,0,0,,false,0,,0
168,13269,温县,21,false,0,1010 1022 31054,154 118 ,,,,,120000,150000,2000000,200,200,200,100,200,400,false,false,false,false,false,false,false,,,,,,,,,,,-1,0,-1,,,,-1,-1,,-1,-1,-1,-1,,-1,0,0,,125 124 193 ,,false,0,0,,false,0,,0
169,13270,黎阳,21,false,5,1022 31050,178 106 ,,,,,40000,120000,2000000,200,200,200,100,200,400,false,false,false,false,false,false,false,,,,,,,,,,,-1,0,-1,,,,-1,-1,,-1,-1,-1,-1,,-1,0,0,,18 125 170 127 ,18 20 212 ,false,0,0,,false,0,,0
170,13271,馆陶,21,false,5,1022 31050,186 97 ,,,,,120000,120000,2000000,200,200,200,100,200,400,false,false,false,false,false,false,false,,,,,,,,,,,-1,0,-1,,,,-1,-1,,-1,-1,-1,-1,,-1,0,0,,169 171 127 ,,false,0,0,,false,0,,0
171,13272,甘陵,21,false,5,1022 31054,195 91 ,,,,,120000,120000,2000000,200,200,200,100,200,400,false,false,false,false,false,false,false,,,,,,,,,,,-1,0,-1,,,,-1,-1,,-1,-1,-1,-1,,-1,0,0,,128 136 133 170 ,,false,0,0,,false,0,,0
172,13273,壶关,10,false,6,1003 1022,162 95 ,,,,,5000,120000,2000000,200,200,200,100,200,400,false,false,false,false,false,false,false,,,,,,,,,,,-1,0,-1,,,,-1,-1,,-1,-1,-1,-1,,-1,0,0,,200 193 127 ,,false,0,0,,false,0,,0
173,13274,高句骊,26,false,7,1020,262 14 ,,,,,30000,20000,2000000,200,200,200,100,200,400,false,false,false,false,false,false,false,,,,,,,,,,,-1,0,-1,,,,-1,-1,,-1,-1,-1,-1,,-1,0,0,,149 161 147 ,,false,0,0,,false,0,,0
174,13275,乌程,23,false,9,1021 31050,269 170 ,161 160 ,,,,40000,120000,2000000,200,200,200,100,200,400,false,false,false,false,false,false,false,,,,,,,,,,,-1,0,-1,,,,-1,-1,,-1,-1,-1,-1,,-1,0,0,,175 45 157 44 158 43 ,,false,0,0,,false,0,,0
175,13276,富春,23,false,9,1001 1021 31050,268 181 ,,,,,40000,120000,2000000,200,200,200,100,200,400,false,false,false,false,false,false,false,,,,,,,,,,,-1,0,-1,,,,-1,-1,,-1,-1,-1,-1,,-1,0,0,,174 45 46 44 47 43 ,,false,0,0,,false,0,,0
176,13277,樊城,25,false,10,1003 1022 31050,151 166 ,,,,,40000,120000,2000000,200,200,200,30,200,100,false,false,false,false,false,false,false,,,,,,,,,,,-1,0,-1,,,,-1,-1,,-1,-1,-1,-1,,-1,0,0,,177 8 9 ,,false,0,0,,false,0,,0
177,13278,南乡,25,false,10,1022,143 159 ,,,,,30000,20000,2000000,200,200,200,100,200,400,false,false,false,false,false,false,false,,,,,,,,,,,-1,0,-1,,,,-1,-1,,-1,-1,-1,-1,,-1,0,0,,176 8 4 ,,false,0,0,,false,0,,0
178,14033,成固,24,false,12,1083 1021,93 157 ,,,,,30000,120000,2000000,200,200,200,100,200,400,false,false,false,false,false,false,false,,,,,,,,,,,-1,0,-1,,,,-1,-1,,-1,-1,-1,-1,,-1,0,0,,13 100 105 ,,false,0,0,,false,0,,0
179,13280,当阳,25,false,10,1021,146 188 ,,,,,30000,20000,2000000,200,200,200,100,200,400,false,false,false,false,false,false,false,,,,,,,,,,,-1,0,-1,,,,-1,-1,,-1,-1,-1,-1,,-1,0,0,,9 10 ,,false,0,0,,false,0,,0
180,13281,郪县,24,false,12,1022 31050,52 206 ,,,,,40000,120000,2000000,200,200,200,100,200,400,false,false,false,false,false,false,false,,,,,,,,,,,-1,0,-1,,,,-1,-1,,-1,-1,-1,-1,,-1,0,0,,80 98 181 82 83 84 ,,false,0,0,,false,0,,0
181,13282,涪县,24,false,12,1022 31050,47 186 ,,,,,40000,120000,2000000,200,200,200,100,200,400,false,false,false,false,false,false,false,,,,,,,,,,,-1,0,-1,,,,-1,-1,,-1,-1,-1,-1,,-1,0,0,,87 98 180 70 ,,false,0,0,,false,0,,0
182,13283,陈仓,22,false,0,1093 1022,82 135 ,,,,,30000,130000,4000000,200,200,200,100,200,400,false,false,false,false,false,false,false,,,,,,,,,,,-1,0,-1,,,,-1,-1,,-1,-1,-1,-1,,-1,0,0,,32 183 156 110 ,,false,0,0,,false,0,,0
183,13284,郿县,22,false,0,1022,92 137 ,,,,,30000,120000,2000000,200,200,200,100,200,400,false,false,false,false,false,false,false,,,,,,,,,,,-1,0,-1,,,,-1,-1,,-1,-1,-1,-1,,-1,0,0,,182 184 106 ,,false,0,0,,false,0,,0
184,13285,五丈原,4,false,0,3100 3060 3400,89 143 ,,,,,0,0,0,0,0,0,0,0,0,false,false,false,false,false,false,false,,,,,,,,,,,-1,0,-1,,,,-1,-1,,-1,-1,-1,-1,,-1,0,0,,183 100 ,,false,0,0,,false,0,,0
185,14041,允吾,22,false,15,1021 30032,29 113 ,,,,,30000,120000,2000000,200,200,200,100,100,200,false,false,false,false,false,false,false,,,,,,,,,,,-1,0,-1,,,,-1,-1,,-1,-1,-1,-1,,-1,0,0,,186 2 117 116 ,,false,0,0,,false,0,,0
186,14042,狄道,22,false,15,1021,34 126 ,,,,,30000,20000,2000000,200,200,200,100,200,400,false,false,false,false,false,false,false,,,,,,,,,,,-1,0,-1,,,,-1,-1,,-1,-1,-1,-1,,-1,0,0,,75 115 185 114 187 2 ,,false,0,0,,false,0,,0
187,14043,枹罕,22,false,15,1021,20 123 ,9344 ,,,,30000,120000,2000000,200,200,200,100,200,400,false,false,false,false,false,false,false,,,,,,,,,,,-1,0,-1,,,,-1,-1,,-1,-1,-1,-1,,-1,0,0,,186 2 ,,false,0,0,,false,0,,0
188,14044,富平,22,false,15,1021,64 96 ,,,,,30000,120000,2000000,200,200,200,100,200,400,false,false,false,false,false,false,false,,,,,,,,,,,-1,0,-1,,,,-1,-1,,-1,-1,-1,-1,,-1,0,0,,110 156 195 ,,false,0,0,,false,0,,0
189,14045,陇县,22,false,15,1022 1102,69 127 ,,,,,30000,20000,2000000,200,200,200,100,200,400,false,false,false,false,false,false,false,,,,,,,,,,28 ,-1,0,-1,,,,-1,-1,,-1,-1,-1,-1,,-1,0,0,,156 111 ,,false,0,0,,false,0,,0
190,14046,高陵,22,false,0,1022 1011,117 131 ,,,,,30000,20000,2000000,200,200,200,100,200,400,false,false,false,false,false,false,false,,,,,,,,,,,-1,0,-1,,,,-1,-1,,-1,-1,-1,-1,,-1,0,0,,105 106 107 109 108 ,,false,0,0,,false,0,,0
191,14047,上洛,22,false,0,1013 1022,128 142 ,,,,,30000,120000,2000000,200,200,200,100,200,400,false,false,false,false,false,false,false,,,,,,,,,,,-1,0,-1,,,,-1,-1,,-1,-1,-1,-1,,-1,0,0,,4 105 ,,false,0,0,,false,0,,0
192,14048,华阴,22,false,0,1022,127 132 ,,,,,30000,120000,2000000,200,200,200,100,200,400,false,false,false,false,false,false,false,,,,,,,,,,,-1,0,-1,,,,-1,-1,,-1,-1,-1,-1,,-1,0,0,,3 105 ,,false,0,0,,false,0,,0
193,14049,长子,21,false,6,1100 1022 31050,154 103 ,437 581 9418 309 9301 ,,,,40000,45000,2000000,200,200,200,100,200,400,false,false,false,false,false,false,false,,,,,,,,,,,-1,0,-1,,,,-1,-1,,-1,-1,-1,-1,,-1,0,0,,125 168 172 ,,false,0,0,,false,0,,0
194,14050,肤施,22,false,6,1022,113 83 ,,,,,30000,120000,2000000,200,200,200,100,200,400,false,false,false,false,false,false,false,,,,,,,,,,,-1,0,-1,,,,-1,-1,,-1,-1,-1,-1,,-1,0,0,,108 123 130 ,,false,0,0,,false,0,,0
195,14051,临戎,26,false,6,,88 34 ,,,,,30000,20000,2000000,200,200,200,100,200,400,false,false,false,false,false,false,false,,,,,,,,,,,-1,0,-1,,,,-1,-1,,-1,-1,-1,-1,,-1,0,0,,123 188 ,,false,0,0,,false,0,,0
196,14052,九原,26,false,6,1102,114 32 ,,,,,30000,120000,2000000,200,200,200,100,200,400,false,false,false,false,false,false,false,,,,,,,,,,,-1,0,-1,,,,-1,-1,,-1,-1,-1,-1,,-1,0,0,,197 123 ,,false,0,0,,false,0,,0
197,14053,云中,26,false,6,,134 28 ,,,,,30000,20000,2000000,200,200,200,100,200,400,false,false,false,false,false,false,false,,,,,,,,,,,-1,0,-1,,,,-1,-1,,-1,-1,-1,-1,,-1,0,0,,155 196 123 ,,false,0,0,,false,0,,0
198,14068,蒲坂津,3,false,0,1070 1020,132 118 ,,,,,5000,20000,2000000,200,200,200,100,200,400,false,false,false,false,false,false,false,,,,,,,,,,,-1,0,-1,,,,-1,-1,,-1,-1,-1,-1,,-1,0,0,,124 107 ,20 ,false,0,0,,false,0,,0
199,14055,代县,26,false,7,1020,177 37 ,,,,,30000,120000,2000000,200,200,200,100,200,400,false,false,false,false,false,false,false,,,,,,,,,,,-1,0,-1,,,,-1,-1,,-1,-1,-1,-1,,-1,0,0,,140 138 139 ,,false,0,0,,false,0,,0
200,14056,元氏,21,false,5,1013 1022 31054,168 80 ,,,,,120000,120000,2000000,200,200,200,100,200,400,false,false,false,false,false,false,false,,,,,,,,,,,-1,0,-1,,,,-1,-1,,-1,-1,-1,-1,,-1,0,0,,137 172 127 201 ,,false,0,0,,false,0,,0
201,14057,廮陶,21,false,5,1022 31055,179 84 ,,,,,150000,20000,2000000,200,200,200,100,200,400,false,false,false,false,false,false,false,,,,,,,,,,,-1,0,-1,,,,-1,-1,,-1,-1,-1,-1,,-1,0,0,,127 128 134 137 200 ,,false,0,0,,false,0,,0
202,14058,滇池,27,false,13,31050,24 289 ,,,,,40000,20000,2000000,200,200,200,100,200,400,false,false,false,false,false,false,false,,,,,,,,,,,-1,0,-1,,,,-1,-1,,-1,-1,-1,-1,,-1,0,0,,90 91 93 94 ,,false,0,0,,false,0,,0
203,14059,阳翟,20,false,1,1011 1010 1022 31050,167 139 ,,,,,40000,120000,2000000,200,200,200,100,200,400,false,false,false,false,false,false,false,,,,,,,,,,,-1,0,-1,,,,-1,-1,,-1,-1,-1,-1,,-1,0,0,,5 152 ,,false,0,0,,false,0,,0
204,14060,新息,20,false,1,1022 1100 31050,190 163 ,,,,,120000,120000,2000000,200,200,200,100,100,400,false,false,false,false,false,false,false,,,,,,,,,,,-1,0,-1,,,,-1,-1,,-1,-1,-1,-1,,-1,0,0,,21 77 ,,false,0,0,,false,0,,0
205,14061,西陵,25,false,10,1022 31050,181 174 ,,,,,40000,120000,2000000,200,200,200,100,200,400,false,false,false,false,false,false,false,,,,,,,,,,,-1,0,-1,,,,-1,-1,,-1,-1,-1,-1,,-1,0,0,,21 76 165 ,,false,0,0,,false,0,,0
206,14062,夷陵,25,false,10,1021 1083,137 192 ,,,,,30000,120000,2000000,200,200,200,100,200,400,false,false,false,false,false,false,false,,,,,,,,,,,-1,0,-1,,,,-1,-1,,-1,-1,-1,-1,,-1,0,0,,207 67 10 ,208 ,false,0,0,,false,0,,0
207,14063,秭归,25,false,10,1021,127 189 ,,,,,30000,20000,2000000,200,200,200,100,200,400,false,false,false,false,false,false,false,,,,,,,,,,,-1,0,-1,,,,-1,-1,,-1,-1,-1,-1,,-1,0,0,,86 206 ,,false,0,0,,false,0,,0
208,14067,江津,3,false,11,1011 1010,147 207 ,,,,,5000,20000,2000000,200,200,200,100,200,400,false,false,false,false,false,false,false,,,,,,,,,,,-1,0,-1,,,,-1,-1,,-1,-1,-1,-1,,-1,0,0,,61 67 10 ,14 15 206 ,false,0,0,,false,0,,0
209,14065,历阳,23,false,8,1022 31050,241 162 ,251 245 266 195 198 381 367 377 9355 370 9351 334 9318 661 659 163 116 9166 387 466 458 ,,,,40000,120000,2000000,200,200,200,100,200,400,false,false,false,false,false,false,false,,,,,,,,,,,-1,0,-1,,,,-1,-1,,-1,-1,-1,-1,,-1,0,0,,23 24 25 41 42 43 210 ,25 42 157 210 ,false,0,0,,false,0,,0
210,14066,牛渚,23,false,9,1021,248 168 ,,,,,30000,120000,2000000,200,200,200,100,200,400,false,false,false,false,false,false,false,,,,,,,,,,,-1,0,-1,,,,-1,-1,,-1,-1,-1,-1,,-1,0,0,,158 43 209 ,25 209 ,false,0,0,,false,0,,0
211,14072,鄄城,20,false,2,1093 1022 31050,199 110 ,253 6 254 9419 78 79 85 126 41 9488 9378 9366 9357 9332 566 655 665 9514 609 69 106 471 461 331 341 336 337 343 335 548 9099 ,,,,40000,100000,4000000,200,200,200,100,200,400,false,false,false,false,false,false,false,,,,,,,,,1 2 ,,-1,0,-1,,,,-1,-1,,-1,-1,-1,-1,,-1,0,0,,19 31 36 213 ,,false,0,0,,false,0,,0
212,14073,东阿,20,false,2,1010 1022,204 102 ,9621 ,,,,30000,20000,2000000,200,200,200,100,200,400,false,false,false,false,false,false,false,,,,,,,,,,,-1,0,-1,,,,-1,-1,,-1,-1,-1,-1,,-1,0,0,,213 ,18 169 ,false,0,0,,false,0,,0
213,14074,范县,20,false,2,1001 1022,203 107 ,,,,,30000,20000,2000000,200,200,200,100,200,400,false,false,false,false,false,false,false,,,,,,,,,,,-1,0,-1,,,,-1,-1,,-1,-1,-1,-1,,-1,0,0,,212 211 26 ,,false,0,0,,false,0,,0
