ID,对应种类,名称,描述,参数,参数2
0,0,熟悉农桑,农业能力增加100,100,
1,1,熟悉商贾,商业能力增加100,100,
2,2,熟悉工匠,技术能力增加100,100,
3,3,熟悉治安,统治能力增加100,100,
4,4,熟悉安民,民心能力增加100,100,
5,5,熟悉城防,耐久能力增加100,100,
10,10,指导农桑,农业能力加成50%,0.5,
11,11,指导商贾,商业能力加成50%,0.5,
12,12,指导工匠,技术能力加成50%,0.5,
13,13,指导治安,统治能力加成50%,0.5,
14,14,指导安民,民心能力加成50%,0.5,
15,15,指导城防,耐久能力加成50%,0.5,
20,20,农桑能吏,农业获得势力声望为基本值的三倍,3,
21,21,商贾能吏,商业获得势力声望为基本值的三倍,3,
22,22,工匠能吏,技术获得势力声望为基本值的三倍,3,
23,23,治安能吏,统治获得势力声望为基本值的三倍,3,
24,24,安民能吏,民心获得势力声望为基本值的三倍,3,
25,25,城防能吏,耐久获得势力声望为基本值的三倍,3,
30,30,德高望重,进行内政工作不需要消耗资金,,
40,40,政客,内政获得技巧点数为基本值的三倍,3,
41,41,策士,策略获得技巧点数为基本值的三倍,3,
42,42,战将,战斗获得技巧点数为基本值的三倍,3,
43,43,谋士,计略获得技巧点数为基本值的三倍,3,
50,50,能吏,所在建筑当天的内政效果增加10%,0.1,
51,50,能士,所在建筑当天的内政效果增加20%,0.2,
52,50,能臣,所在建筑当天的内政效果增加30%,0.3,
53,50,王佐之才,所在建筑当天的内政效果增加40%,0.4,
60,60,农桑能臣,农业技巧点数为基本值的三倍,3,
61,61,商贾能臣,商业技巧点数为基本值的三倍,3,
62,62,工匠能臣,技术技巧点数为基本值的三倍,3,
63,63,治安能臣,统治技巧点数为基本值的三倍,3,
64,64,安民能臣,民心技巧点数为基本值的三倍,3,
65,65,城防能臣,耐久技巧点数为基本值的三倍,3,
70,0,历职农桑,农业能力增加300,300,
71,1,历职商贾,商业能力增加300,300,
72,2,历职工匠,技术能力增加300,300,
73,3,历职治安,统治能力增加300,300,
74,4,历职安民,民心能力增加300,300,
75,5,历职城防,耐久能力增加300,300,
80,10,农桑能臣,农业能力加成100%,1,
81,11,商贾能臣,商业能力加成100%,1,
82,12,工匠能臣,技术能力加成100%,1,
83,13,治安能臣,统治能力加成100%,1,
84,14,安民能臣,民心能力加成100%,1,
85,15,城防能臣,耐久能力加成100%,1,
90,90,练兵能将,训练能力加成50%,0.5,
91,91,募兵能将,补充能力加成50%,0.5,
100,100,人杰,每月自动获得技巧点数10000,10000,
101,100,仁义之杰,每月自动获得技巧点数20000,20000,
102,100,非常之人,每月自动获得技巧点数30000,30000,
103,100,超世之杰,每月自动获得技巧点数50000,50000,
120,120,识人之能,所在处人物获评称号所需时间只需一个月,30,
121,121,国士之风,所在处当天人物忠诚度不会下降,,
122,122,师君,所在建筑在战争状态下人口增长率不会受到影响,,
123,123,祭酒,所在建筑人口不会迁出,,
124,124,王佐之才,所在建筑在战争状态下内政值不会自动下降,,
160,160,名士,所在势力每月势力声望增长50,50,
161,160,历职内外,所在势力每月势力声望增长100,100,
162,160,知名当世,所在势力每月势力声望增长150,150,
163,160,至圣先师,所在势力每月势力声望增长200,200,
200,200,熟悉平原,平原适应性减1,1,1
201,200,熟悉草原,草原适应性减1,2,1
202,200,熟悉森林,森林适应性减1,3,1
203,200,熟悉湿地,湿地适应性减1,4,1
204,200,熟悉山地,山地适应性减1,5,1
205,200,熟悉水域,水域适应性减1,6,1
206,200,熟悉峻岭,峻岭适应性减1,7,1
207,200,熟悉荒地,荒地适应性减1,8,1
208,200,熟悉沙漠,沙漠适应性减1,9,1
209,200,熟悉栈道,栈道适应性减1,10,1
220,220,适应平原,平原暴击几率增加20%,1,20
221,220,适应草原,草原暴击几率增加20%,2,20
222,220,适应森林,森林暴击几率增加20%,3,20
223,220,适应湿地,湿地暴击几率增加20%,4,20
224,220,适应山地,山地暴击几率增加20%,5,20
225,220,适应水域,水域暴击几率增加20%,6,20
226,220,适应峻岭,峻岭暴击几率增加20%,7,20
227,220,适应荒地,荒地暴击几率增加20%,8,20
228,220,适应沙漠,沙漠暴击几率增加20%,9,20
229,220,适应栈道,栈道暴击几率增加20%,10,20
230,220,山地暴击几率增加（二）,山地暴击几率增加40%,5,40
250,250,快速行军,所在部队行动力加成20%,1.2,
251,251,全速前进,所在部队行动力增加10,10,
252,251,机动前进,所在部队行动力增加20,20,
260,260,遁走,自身不会被俘,,
261,261,护卫,同部队的人物不会被俘,,
262,262,遁走,自身不会战死,,
263,263,护卫,同部队武将不会战死,,
270,270,斜向视野,斜向视野,,
271,271,斜向攻击,斜向攻击,,
272,272,斜向计略,斜向计略,,
280,280,君主有效,仅对君主有效（本条以下）,,
281,281,主将有效,仅对主将有效（本条以下）,,
290,290,近战有效,步兵有效（本条以下）,0,
291,290,弓弩有效,弓弩有效（本条以下）,1,
292,290,骑兵有效,骑兵有效（本条以下）,2,
293,290,水军有效,水军有效（本条以下）,3,
294,290,器械有效,器械有效（本条以下）,4,
300,300,运兵船有效,运兵船有效（本条以下）,28,
301,300,艨艟有效,艨艟有效（本条以下）,23,
302,300,楼船有效,楼船有效（本条以下）,24,
303,300,斗舰有效,斗舰有效（本条以下）,25,
304,300,冲车有效,冲车有效（本条以下）,30,
305,300,井栏有效,井栏有效（本条以下）,31,
306,300,投石有效,投石车有效（本条以下）,32,
307,300,陷阵营有效,陷阵营有效（本条以下）,200,
308,300,虎豹骑有效,虎豹骑有效（本条以下）,400,
309,300,白耳兵有效,白耳兵有效（本条以下）,201,
310,300,西凉铁骑有效,西凉铁骑有效（本条以下）,401,
311,300,先登死士有效,先登死士有效（本条以下）,300,
312,300,白马义从有效,白马义从有效（本条以下）,402,
313,300,运输队有效,运输队有效（本条以下）,29,
314,320,“落雁”战法,可施行“落雁”战法,30,
315,320,“拒马”战法,可施行“拒马”战法,31,
316,320,“盾击”战法,可施行“盾击”战法,32,
317,320,“毒矢”战法,可施行“毒矢”战法,33,
318,320,“贯射”战法,可施行“贯射”战法,34,
319,320,“摧锋”战法,可施行“摧锋”战法,35,
320,320,“御击”战法,可施行“大盾”战法,0,
321,320,“刺杀”战法,可施行“枪阵”战法,1,
322,320,“旋风”战法,可施行“旋风”战法,2,
323,320,“摧坚”战法,可施行“摧坚”战法,3,
330,320,“火矢”战法,可施行“火矢”战法,10,
331,320,“贯穿”战法,可施行“贯穿”战法,11,
332,320,“散射”战法,可施行“散射”战法,12,
333,320,“燎原”战法,可施行“燎原”战法,13,
340,320,“进击”战法,可施行“进击”战法,20,
341,320,“突击”战法,可施行“突击”战法,21,
342,320,“风击”战法,可施行“风击”战法,22,
343,320,“雷霆”战法,可施行“雷霆”战法,23,
344,320,“狙击”战法,可施行“狙击”战法,24,
345,320,“陷阵”战法,可施行“陷阵”战法,25,
346,320,“虎击”战法,可施行“虎击”战法,26,
347,320,“突围”战法,可施行“突围”战法,27,
348,320,“狂风”战法,可施行“狂风”战法,28,
349,320,“冲阵”战法,可施行“冲阵”战法,29,
350,350,坚阵,受暴击伤害减少30%,0.7,
351,351,致命,暴击时，敌军伤兵概率为0,0,
352,352,涉水,部队水域乘数提高0.1（上限为1）,0.1,1
353,353,粉碎,暴击对建筑造成伤害加成50%,1.5,
354,354,水战,部队水域乘数提高0.5,0.5,
360,360,勇将,暴击使敌方士气减少1,1,
361,360,猛将,暴击使敌方士气减少2,2,
362,360,虎痴,暴击使敌方士气减少3,3,
363,360,恶来,暴击使敌方士气减少4,4,
364,360,万人敌,暴击使敌方士气减少5,5,
370,370,攻城,暴击使建筑物统治度减少1,1,
371,370,砸城,暴击使建筑物统治度减少2,2,
372,370,毁城,暴击使建筑物统治度减少3,3,
373,370,震城,暴击使建筑物统治度减少4,4,
374,370,崩城,暴击使建筑物统治度减少5,5,
380,380,刺杀,对骑兵的伤害提高100%,2,
381,381,破甲,忽略敌方超出100的防御力,100,
382,382,火矢,有20%几率使敌军遭受火焰伤害,20,
383,383,贯穿,对本队与攻击目标之间的所有部队造成伤害,,
384,384,散射,对攻击目标周围相邻的所有部队造成伤害,1,
385,385,旋风,攻击所有邻接部队,1,
386,386,燎原,攻击攻击范围内的所有部队,,
387,387,癫狂,攻击本回合所有可攻击到的部队,,
388,388,破杀,不会受到反击,,
389,382,火攻,有50%几率使敌军遭受火焰伤害,50,
390,390,攻心,降低敌军的士气,5,
391,391,惊营,使敌军混乱,3,
392,392,侦查,侦查某个区域,3,
393,393,埋伏,在山林中潜伏,3,
394,394,火攻,火攻敌军,0.5,
395,395,镇静,使友军从混乱中恢复,,
396,396,灭火,使周边的火焰熄灭,,
397,397,鼓舞,增加友军的士气,5,
398,398,点火,点燃周围某地点,,
399,399,医治,医治5个基本单位的伤兵,5,
400,400,战士,暴击几率增加5%,5,
401,400,壮士,暴击几率增加10%,10,
402,400,勇士,暴击几率增加15%,15,
403,400,小霸王,暴击几率增加20%,20,
404,400,霸王,暴击几率增加30%,30,
405,405,强壮,被暴击几率减少5%,5,
406,405,健壮,被暴击几率减少10%,10,
407,405,壮硕,被暴击几率减少15%,15,
408,405,泰山,被暴击几率减少20%,20,
409,405,大力神,被暴击几率减少30%,30,
410,410,基础格斗术,部队攻击力提高5%,0.05,
411,410,基础武术,部队攻击力提高10%,0.1,
412,410,初级武功,部队攻击力提高15%,0.15,
413,410,高级武功,部队攻击力提高20%,0.2,
414,410,绝世武功,部队攻击力提高30%,0.3,
415,415,烈气,部队攻击力降低5%,0.05,
416,415,奋战,部队攻击力降低10%,0.1,
417,415,护卫,部队攻击力降低15%,0.15,
418,415,守城,部队攻击力降低20%,0.2,
419,415,恶来,部队攻击力降低30%,0.3,
420,420,基础健身术,部队防御力提高5%,0.05,
421,420,基础抗击打术,部队防御力提高10%,0.1,
422,420,配备护心镜,部队防御力提高15%,0.15,
423,420,配备重甲,部队防御力提高20%,0.2,
424,420,配备双层重甲,部队防御力提高30%,0.3,
425,425,骁果,部队防御力降低5%,0.05,
426,425,骁将,部队防御力降低10%,0.1,
427,425,勇将,部队防御力降低15%,0.15,
428,425,猛将,部队防御力降低20%,0.2,
429,425,虎痴,部队防御力降低30%,0.3,
430,430,百炼精兵,所在部队经验值获得增加100%,2,
431,431,同甘共苦,获得士兵信任度增加100%,2,
440,440,保护,所在部队伤兵几率增加10%,10,
450,450,攻心加强,所在部队执行“攻心”成功时，效果增加50%,1.5,
451,451,惊营加强,所在部队执行“扰乱”成功时，混乱时间增加1天,1,
452,452,侦查加强,所在部队执行“侦查”时，范围加1,1,
453,453,埋伏加强,所在部队执行“埋伏”时，不会被高级以下情报发现,,
454,454,火攻加强,所在部队执行“火攻”的伤害增加50%,1.5,
455,455,防火,所在部队受到的火系伤害减少50%,0.5,
456,456,鼓舞加强,所在部队执行“鼓舞”成功时，效果增加50%,1.5,
457,457,伪报加强,所在部队执行“伪报”成功时，伪报时间增加1天,1,
458,458,挑衅加强,所在部队执行“挑衅”成功时，挑衅时间增加1天,1,
460,460,情报加强,执行“情报”时，范围加1,1,
461,461,劫牢加强,劫牢能力增加50%,0.5,
462,462,破坏加强,破坏能力增加50%,0.5,
463,463,煽动加强,煽动能力增加50%,0.5,
464,464,流言加强,流言能力增加50%,0.5,
465,465,搜索加强,搜索能力增加50%,0.5,
466,466,说服加强,说服能力增加50%,0.5,
471,471,缜密,执行“劫牢”必然成功,,
472,472,损毁,执行“破坏”必然成功,,
473,473,惑众,执行“煽动”必然成功,,
474,474,善辩,执行“流言”必然成功,,
475,475,观察,执行“搜索”必有斩获,,
476,410,部队攻击力提高（50）,部队攻击力提高50%,0.5,
500,500,机智,计略成功率增加5%,5,
501,500,蛊惑,计略成功率增加10%,10,
502,500,天下奇才,计略成功率增加15%,15,
503,500,算无遗策,计略成功率增加20%,20,
504,500,奇画策算,计略成功率增加30%,30,
510,510,历职内外,中计几率减少5%,5,
511,510,精达事机,中计几率减少10%,10,
512,510,凝聚人心,中计几率减少15%,15,
513,510,王佐之才,中计几率减少20%,20,
514,510,至圣先师,中计几率减少30%,30,
520,520,善战,主动攻击使敌方战意减少5,5,
521,520,风驰电掣,主动攻击使敌方战意减少10,10,
522,520,国之利器,主动攻击使敌方战意减少15,15,
523,520,世之虎臣,主动攻击使敌方战意减少20,20,
530,530,护卫,反击使敌方战意减少5,5,
531,530,名将,反击使敌方战意减少10,10,
532,530,英勇善战,反击使敌方战意减少15,15,
533,530,鬼神之勇,反击使敌方战意减少20,20,
540,540,儒将,击破部队后战意增加10,10,
541,540,儒帅,击破部队后战意增加20,20,
542,540,猛锐冠世,击破部队后战意增加30,30,
543,540,天威飞将,击破部队后战意增加40,40,
550,550,骁将,暴击致敌混乱几率增加5%,5,
551,550,万人敌,暴击致敌混乱几率增加10%,10,
552,550,小霸王,暴击致敌混乱几率增加15%,15,
553,550,霸王,暴击致敌混乱几率增加20%,20,
554,550,盾击,暴击致敌混乱几率增加40%,40,
560,560,献计,计略成功致敌混乱几率增加10%,10,
561,560,秘计,计略成功致敌混乱几率增加20%,20,
562,560,奇谋,计略成功致敌混乱几率增加30%,30,
563,560,深谋,计略成功致敌混乱几率增加40%,40,
565,410,突围,部队攻击力提高60%,0.6,
567,415,落雁,部队攻击力降低55%,0.55,
568,384,落雁,对攻击目标周围2格范围内的所有部队造成伤害,2,
569,381,忽略敌方超出1600的防御力,忽略敌方超出1600的防御力,1600,
570,570,精谋,对智谋较低的敌方部队使用计略时必成功,,
571,571,看破,必然看穿智谋较低的敌方部队的计略,,
572,572,连环计,计略可以影响到相邻部队,1,
573,573,智囊,计略范围加1,1,
580,580,蛊惑,对智谋较低的部队“攻心”必成功,,
581,581,机智,对智谋较低的部队“扰乱”必成功,,
582,582,待伏,伏击成功时必造成敌方混乱,,
583,583,探查,“侦查”得到的情报等级为高级,,
584,584,火计,对智谋较低的部队“火攻”必成功,,
585,585,伪报,对智谋较低的部队“伪报”必成功,,
586,586,挑衅,对智谋较低的部队“挑衅”必成功,,
590,590,凝聚人心,被“攻心”时无效,,
591,591,军纪严明,被“扰乱”时无效,,
592,592,处变不惊,被伏击时不会混乱,,
593,593,精达事机,被获得情报的等级降低一级,,
594,594,抵抗火攻,被“火攻”时无效,,
595,595,冷静分析,被“伪报”时无效,,
596,596,无视挑衅,被“挑衅”时无效,,
599,602,落雁,主动攻击无战斗称号部队使之士气减2,2,
600,600,毅重,每次被混乱最多持续一天,,
601,601,一身是胆,混乱、伪报免疫,,
602,602,威名,主动攻击无战斗称号部队使之士气减10,10,
603,603,威风,主动攻击无战斗称号部队使之战意减30,30,
604,604,善战,战法的战意消耗减少5,5,
605,605,献计,计略的战意消耗减少5,5,
606,606,抵抗火攻,被火攻不会造成额外伤害,,
607,607,守城,部队守城时防御力加倍,2,
608,608,酣战,所在部队在战斗中的缺粮状态每天士气下降减半,0.5,
609,609,坚韧,混乱时防御力不下降,,
610,610,精确,不会误伤友军部队,,
611,611,射手,散射可以影响到斜向,,
612,612,医疗,伤兵每天自动恢复1个基本单位,1,
613,613,奋战,击破部队后可以再次攻击,,
615,615,便携干粮,所在部队口粮天数增加1天,1,
616,612,医疗,伤兵每天自动恢复0.5个基本单位,0.5,
617,612,医疗,伤兵每天自动恢复0.4个基本单位,0.4,
618,612,医疗,伤兵每天自动恢复0.3个基本单位,0.3,
620,620,精神振奋,所在部队每天战意增长5,5,
621,620,斗志昂然,所在部队每天战意增长10,10,
622,620,战心旺盛,所在部队每天战意增长15,15,
623,620,激昂奋发,所在部队每天战意增长20,20,
630,630,冠军,每1000名声，部队攻击力加0.5%,0.005,
631,630,勇冠三军,每1000名声，部队攻击力加1%,0.01,
632,630,无双战将,每1000名声，部队攻击力加1.5%,0.015,
633,630,杀神,每1000名声，部队攻击力加2%,0.02,
640,640,将军之才,每1000名声，部队防御力加0.5%,0.005,
641,640,上将之才,每1000名声，部队防御力加1%,0.01,
642,640,元帅之才,每1000名声，部队防御力加1.5%,0.015,
643,640,军神,每1000名声，部队防御力加2%,0.02,
650,650,强兵,视野范围内友军暴击几率增加5%,5,
651,650,精兵,视野范围内友军暴击几率增加10%,10,
652,650,悍卒,视野范围内友军暴击几率增加15%,15,
653,650,神兵,视野范围内友军暴击几率增加20%,20,
655,655,旗帜,视野范围内友军被暴击几率减少5%,5,
656,655,队旗,视野范围内友军被暴击几率减少10%,10,
657,655,将旗,视野范围内友军被暴击几率减少15%,15,
658,655,军旗,视野范围内友军被暴击几率减少20%,20,
660,660,模范部队,视野范围内友军战意每天增加5,5,
661,660,精英部队,视野范围内友军战意每天增加10,10,
662,660,英雄部队,视野范围内友军战意每天增加15,15,
663,660,军神部队,视野范围内友军战意每天增加20,20,
665,665,鄙视宵小,视野范围内非友军战意每天减少5,5,
666,665,惊咋敌人,视野范围内非友军战意每天减少10,10,
667,665,杀意凌然,视野范围内非友军战意每天减少15,15,
668,665,恶魔天降,视野范围内非友军战意每天减少20,20,
670,670,连环计,视野范围内友军计略成功率增加5%,5,
671,670,老谋深算,视野范围内友军计略成功率增加10%,10,
672,670,奇画策算,视野范围内友军计略成功率增加15%,15,
673,670,算无遗策,视野范围内友军计略成功率增加20%,20,
675,675,智囊,视野范围内友军中计几率减少5%,5,
676,675,看破,视野范围内友军中计几率减少10%,10,
677,675,洞悉,视野范围内友军中计几率减少15%,15,
678,675,运筹帷幄,视野范围内友军中计几率减少20%,20,
680,680,枭雄,视野范围内友军攻击力增加5%,0.05,
681,680,英雄,视野范围内友军攻击力增加10%,0.1,
682,680,奸雄,视野范围内友军攻击力增加15%,0.15,
683,680,天威飞将,视野范围内友军攻击力增加20%,0.2,
685,685,英勇善战,视野范围内非友军攻击力减少5%,0.05,
686,685,万人敌,视野范围内非友军攻击力减少10%,0.1,
687,685,小霸王,视野范围内非友军攻击力减少15%,0.15,
688,685,霸王,视野范围内非友军攻击力减少20%,0.2,
690,690,名将,视野范围内友军防御力增加5%,0.05,
691,690,儒将,视野范围内友军防御力增加10%,0.1,
692,690,儒帅,视野范围内友军防御力增加15%,0.15,
693,690,鬼神之勇,视野范围内友军防御力增加20%,0.2,
695,695,猛锐冠世,视野范围内非友军防御力减少5%,0.05,
696,695,国之利器,视野范围内非友军防御力减少10%,0.1,
697,695,世之虎臣,视野范围内非友军防御力减少15%,0.15,
698,695,倾国倾城,视野范围内非友军防御力减少20%,0.2,
700,700,军团阵型,避免被围攻几率增加10%,10,
701,700,团队阵型,避免被围攻几率增加20%,20,
702,700,分队阵型,避免被围攻几率增加30%,30,
703,700,协作阵型,避免被围攻几率增加40%,40,
704,700,散兵阵型,避免被围攻几率增加50%,50,
710,710,包围战术,围攻致乱率增加5%,5,
711,710,人海战术,围攻致乱率增加10%,10,
712,710,机动战术,围攻致乱率增加15%,15,
713,710,分割战术,围攻致乱率增加20%,20,
714,710,蛙跳战术,围攻致乱率增加30%,30,
720,720,伪报,使敌军返回出发地,3,
721,721,挑衅,使敌军向我方移动,3,
800,800,克弩兵（攻）（低）,对弩兵伤害增加30%,1.3,
801,801,克弩兵（防）（低）,受弩兵伤害减少20%,0.8,
802,802,克骑兵（攻）（低）,对骑兵伤害增加30%,1.3,
803,803,克骑兵（防）（低）,受骑兵伤害减少20%,0.8,
804,804,克步兵（攻）（低）,对步兵伤害增加30%,1.3,
805,805,克步兵（防）（低）,受步兵伤害减少20%,0.8,
806,800,克弩兵（攻）（中）,对弩兵伤害增加60%,1.6,
807,801,克弩兵（防）（中）,受弩兵伤害减少40%,0.6,
808,802,克骑兵（攻）（中）,对骑兵伤害增加60%,1.6,
809,803,克骑兵（防）（中）,受骑兵伤害减少40%,0.6,
810,804,克步兵（攻）（中）,对步兵伤害增加60%,1.6,
811,805,克步兵（防）（中）,受步兵伤害减少40%,0.6,
812,800,克弩兵（攻）（高）,对弩兵伤害增加90%,1.9,
813,801,克弩兵（防）（高）,受弩兵伤害减少60%,0.4,
814,802,克骑兵（攻）（高）,对骑兵伤害增加90%,1.9,
815,803,克骑兵（防）（高）,受骑兵伤害减少60%,0.4,
816,804,克步兵（攻）（高）,对步兵伤害增加90%,1.9,
817,805,克步兵（防）（高）,受步兵伤害减少60%,0.4,
818,800,克弩兵（攻）（极）,对弩兵伤害增加120%,2.2,
819,801,克弩兵（防）（极）,受弩兵伤害减少80%,0.2,
820,802,克骑兵（攻）（极）,对骑兵伤害增加120%,2.2,
821,803,克骑兵（防）（极）,受骑兵伤害减少80%,0.2,
822,804,克步兵（攻）（极）,对步兵伤害增加120%,2.2,
823,805,克步兵（防）（极）,受步兵伤害减少80%,0.2,
824,824,克水军（攻）（低）,对水军伤害增加30%,1.3,
825,825,克水军（防）（低）,受水军伤害减少20%,0.8,
826,824,克水军（攻）（中）,对水军伤害增加60%,1.6,
827,825,克水军（防）（中）,受水军伤害减少40%,0.6,
828,824,克水军（攻）（高）,对水军伤害增加90%,1.9,
829,825,克水军（防）（高）,受水军伤害减少60%,0.4,
830,824,克水军（攻）（极）,对水军伤害增加120%,2.2,
831,825,克水军（防）（极）,受水军伤害减少80%,0.2,
832,832,克器械（攻）（低）,对器械伤害增加30%,1.3,
833,833,克器械（防）（低）,受器械伤害减少20%,0.8,
834,832,克器械（攻）（中）,对器械伤害增加60%,1.6,
835,833,克器械（防）（中）,受器械伤害减少40%,0.6,
836,832,克器械（攻）（高）,对器械伤害增加90%,1.9,
837,833,克器械（防）（高）,受器械伤害减少60%,0.4,
838,832,克器械（攻）（极）,对器械伤害增加120%,2.2,
839,833,克器械（防）（极）,受器械伤害减少80%,0.2,
850,850,禁止战法,所在部队不能使用战法,,
851,851,禁止计略,所在部队不能使用计略,,
852,852,只能移动,所在部队只能进行移动,,
860,860,“医治”计略,允许使用“医治”计略,9,
900,900,十人斩,单挑胜利几率提高5%,5,
901,900,百人斩,单挑胜利几率提高10%,10,
902,900,千人斩,单挑胜利几率提高15%,15,
903,900,冠军,单挑胜利几率提高20%,20,
904,900,万人敌,单挑胜利几率提高30%,30,
910,910,士人,论战胜利几率提高5%,5,
911,910,客卿,论战胜利几率提高10%,10,
912,910,说客,论战胜利几率提高15%,15,
913,910,诡辩之徒,论战胜利几率提高20%,20,
914,910,辩才无双,论战胜利几率提高30%,30,
1000,1000,农耕（小）,【农业】+200上限,200,
1001,1001,贸易（小）,【商业】+200上限,200,
1002,1002,技术（小）,【技术】+200上限,200,
1003,1003,防御（小）,【耐久】+200上限,200,
1004,1004,统治上限增加20,【统治】+20上限,20,
1005,1005,民心上限增加200,【民心】+200上限,200,
1010,1000,农耕（大）,【农业】+400上限,400,
1011,1001,贸易（大）,【商业】+400上限,400,
1012,1002,技术（大）,【技术】+400上限,400,
1013,1003,防御（大）,【耐久】+400上限,400,
1014,1004,行政中心,【统治】+40上限,40,
1015,1005,礼仪周全,【民心】+400上限,400,
1020,1020,山野地貌,【空间】+1单位,1,
1021,1020,丘陵地貌,【空间】+2单位,2,
1022,1020,河套地貌,【空间】+3单位,3,
1023,1020,平原地貌,【空间】+4单位,4,
1030,1030,驰道,【粮道】疏通费用减半,0.5,
1040,1040,军港,【编队】运兵船,,
1050,1050,人口微型聚集地,【人口】+20%上限,0.2,
1051,1050,人口小型聚集地,【人口】+40%上限,0.4,
1052,1050,人口中型聚集地,【人口】+60%上限,0.6,
1053,1050,人口大型聚集地,【人口】+80%上限,0.8,
1060,1000,农业上限增加200,【农业】+200上限,200,
1061,1001,商业上限增加200,【商业】+200上限,200,
1062,1002,技术上限增加200,【技术】+200上限,200,
1063,1003,耐久上限增加200,【耐久】+200上限,200,
1070,1000,农业上限增加400,【农业】+400上限,400,
1071,1001,商业上限增加400,【商业】+400上限,400,
1072,1002,技术上限增加400,【技术】+400上限,400,
1073,1003,耐久上限增加400,【耐久】+400上限,400,
1080,1000,农业上限增加600,【农业】+600上限,600,
1081,1001,商业上限增加600,【商业】+600上限,600,
1082,1002,技术上限增加600,【技术】+600上限,600,
1083,1003,耐久上限增加600,【耐久】+600上限,600,
1090,1000,农业上限增加800,【农业】+800上限,800,
1091,1001,商业上限增加800,【商业】+800上限,800,
1092,1002,技术上限增加800,【技术】+800上限,800,
1093,1003,耐久上限增加800,【耐久】+800上限,800,
1100,1100,军户集中地,【军户】步兵费用-50%,0,0.5
1101,1100,林木集中地,【林木】弩兵费用-50%,1,0.5
1102,1100,马匹集中地,【马匹】骑兵费用-50%,2,0.5
1103,1100,船舶集中地,【船舶】水军费用-50%,3,0.5
1104,1100,工匠集中地,【工匠】器械费用-50%,4,0.5
1120,1120,丹阳兵屯兵所,【编队】丹阳兵,100,
1121,1120,无当飞军屯兵所,【编队】无当飞军,302,
1122,1120,藤甲兵屯兵所,【编队】藤甲兵,211,
1123,1120,大象繁殖所,【编队】象兵,150,
1124,1120,羽林郎,【编队】羽林郎,403,
1200,1200,出征步兵的攻击力提高10%,【步攻】+10%,0,0.1
1201,1200,出征步兵的攻击力提高20%,【步攻】+20%,0,0.2
1210,1200,出征弩兵的攻击力提高10%,【弩攻】+10%,1,0.1
1211,1200,出征弩兵的攻击力提高20%,【弩攻】+20%,1,0.2
1220,1200,出征骑兵的攻击力提高10%,【骑攻】+10%,2,0.1
1221,1200,出征骑兵的攻击力提高20%,【骑攻】+20%,2,0.2
1230,1200,出征水军的攻击力提高10%,【水攻】+10%,3,0.1
1231,1200,出征水军的攻击力提高20%,【水攻】+20%,3,0.2
1240,1200,出征器械的攻击力提高10%,【器攻】+10%,4,0.1
1241,1200,出征器械的攻击力提高20%,【器攻】+20%,4,0.2
1300,1300,出征步兵的防御力提高10%,【步防】+10%,0,0.1
1301,1300,出征步兵的防御力提高20%,【步防】+20%,0,0.2
1310,1300,出征弩兵的防御力提高10%,【弩防】+10%,1,0.1
1311,1300,出征弩兵的防御力提高20%,【弩防】+20%,1,0.2
1320,1300,出征骑兵的防御力提高10%,【骑防】+10%,2,0.1
1321,1300,出征骑兵的防御力提高20%,【骑防】+20%,2,0.2
1330,1300,出征水军的防御力提高10%,【水防】+10%,3,0.1
1331,1300,出征水军的防御力提高20%,【水防】+20%,3,0.2
1340,1300,出征器械的防御力提高10%,【器防】+10%,4,0.1
1341,1300,出征器械的防御力提高20%,【器防】+20%,4,0.2
1400,1060,资金上限增加200000,【资金】+200000上限,200000,
1401,1060,资金上限增加500000,【资金】+500000上限,500000,
1402,1060,资金上限增加1000000,【资金】+1000000上限,1000000,
1403,1060,资金上限增加2000000,【资金】+2000000上限,2000000,
1404,1070,粮草上限增加20000000,【粮草】+20000000上限,20000000,
1405,1070,粮草上限增加50000000,【粮草】+50000000上限,50000000,
1406,1070,粮草上限增加100000000,【粮草】+100000000上限,100000000,
1407,1070,粮草上限增加200000000,【粮草】+200000000上限,200000000,
2000,2000,步兵战法防御力提升,步兵使用战法时防御力提高10%,0,0.1
2001,2000,弩兵战法防御力提升,弩兵使用战法时防御力提高10%,1,0.1
2002,2000,骑兵战法防御力提升,骑兵使用战法时防御力提高10%,2,0.1
2003,2000,水军战法防御力提升,水军使用战法时防御力提高10%,3,0.1
2004,2000,器械战法防御力提升,器械使用战法时防御力提高10%,4,0.1
2010,2010,步兵战法攻击力提升,步兵使用战法时攻击力提高10%,0,0.1
2011,2010,弩兵战法攻击力提升,弩兵使用战法时攻击力提高10%,1,0.1
2012,2010,骑兵战法攻击力提升,骑兵使用战法时攻击力提高10%,2,0.1
2013,2010,水军战法攻击力提升,水军使用战法时攻击力提高10%,3,0.1
2014,2010,器械战法攻击力提升,器械使用战法时攻击力提高10%,4,0.1
2020,2020,步兵战法暴击几率提升,步兵使用战法时暴击几率提高10%,0,10
2021,2020,弩兵战法暴击几率提升,弩兵使用战法时暴击几率提高10%,1,10
2022,2020,骑兵战法暴击几率提升,骑兵使用战法时暴击几率提高10%,2,10
2023,2020,水军战法暴击几率提升,水军使用战法时暴击几率提高10%,3,10
2024,2020,器械战法暴击几率提升,器械使用战法时暴击几率提高10%,4,10
2030,2030,步兵战法抗暴几率提升,步兵使用战法时抗暴几率提高10%,0,10
2031,2030,弩兵战法抗暴几率提升,弩兵使用战法时抗暴几率提高10%,1,10
2032,2030,骑兵战法抗暴几率提升,骑兵使用战法时抗暴几率提高10%,2,10
2033,2030,水军战法抗暴几率提升,水军使用战法时抗暴几率提高10%,3,10
2034,2030,器械战法抗暴几率提升,器械使用战法时抗暴几率提高10%,4,10
2130,2100,可以编制艨艟,可以编制艨艟,23,
2131,2100,可以编制楼船,可以编制楼船,24,
2132,2100,可以编制斗舰,可以编制斗舰,25,
2140,2100,可以编制冲车,可以编制冲车,30,
2141,2100,可以编制井栏,可以编制井栏,31,
2142,2100,可以编制投石,可以编制投石,32,
2150,2100,可建造寨,可建造寨,601,
2151,2100,可建造军营,可建造军营,603,
2152,2100,可建造城塞,可建造城塞,605,
2153,2100,可建造战鼓台,可建造战鼓台,611,
2154,2100,可建造舞乐台,可建造舞乐台,613,
2155,2100,可建造望楼,可建造望楼,615,
2156,2100,可建造大望楼,可建造大望楼,617,
2157,2100,可建造箭楼,可建造箭楼,621,
2158,2100,可建造连弩楼,可建造连弩楼,623,
2159,2100,可建造投石台,可建造投石台,625,
2160,2100,可建造石兵八阵,可建造石兵八阵,631,
2200,2200,步兵一定几率抵御弓箭攻击,步兵30%几率抵御弓箭攻击,0,30
2201,2200,弩兵一定几率抵御弓箭攻击,弩兵50%几率抵御弓箭攻击,1,50
2202,2200,马上矢盾,骑兵20%几率抵御弓箭攻击,2,20
2203,2200,水军一定几率抵御弓箭攻击,水军50%几率抵御弓箭攻击,3,50
2204,2200,器械一定几率抵御弓箭攻击,器械50%几率抵御弓箭攻击,4,50
2210,2210,步兵攻击范围增加,步兵攻击范围加1,0,1
2211,2210,复合弓弦,弩兵攻击范围加1,1,1
2212,2210,骑兵攻击范围增加,骑兵攻击范围加1,2,1
2213,2210,水军攻击范围增加,水军攻击范围加1,3,1
2214,2210,器械攻击范围增加,器械攻击范围加1,4,1
2220,2220,步兵30%几率攻击不受到反击,步兵攻击不受到反击几率30%,0,30
2221,2220,弩兵一定几率攻击不受到反击,弩兵攻击不受到反击几率100%,1,100
2222,2220,袭射战术,骑兵攻击不受到反击几率100%,2,100
2223,2220,水军一定几率攻击不受到反击,水军攻击不受到反击几率100%,3,100
2224,2220,器械一定几率攻击不受到反击,器械攻击不受到反击几率100%,4,100
2230,2230,机动阵型,步兵移动后可以攻击,0,
2231,2230,机动阵型,弩兵移动后可以攻击,1,
2232,2230,解除骑兵的移动攻击限制,骑兵移动后可以攻击,2,
2233,2230,解除水军的移动攻击限制,水军移动后可以攻击,3,
2234,2230,车载器械,器械移动后可以攻击,4,
2240,2240,步兵攻击力加成,步兵攻击力加成50%,0,0.5
2241,2240,弩兵攻击力加成,弩兵攻击力加成50%,1,0.5
2242,2240,骑兵攻击力加成,骑兵攻击力加成50%,2,0.5
2243,2240,水军攻击力加成,水军攻击力加成50%,3,0.5
2244,2240,器械攻击力加成,器械攻击力加成50%,4,0.5
2250,2250,御击,步兵防御力加成50%,0,0.5
2251,2250,弩兵防御力加成,弩兵防御力加成50%,1,0.5
2252,2250,骑兵防御力加成,骑兵防御力加成50%,2,0.5
2253,2250,龙骨船体,水军防御力加成50%,3,0.5
2254,2250,器械防御力加成,器械防御力加成50%,4,0.5
2300,2300,良好训练,部队的战意上限增加20,20,
2301,2300,资深战士,部队的战意上限增加40,40,
2302,2300,战意如潮,部队的战意上限增加60,60,
2303,2300,狂呼酣战,部队的战意上限增加80,80,
2304,2300,不惧生死,部队的战意上限增加100,100,
2310,2310,皮靴,部队地形乘数提高0.1(上限为1),0.1,
2320,2320,精锐斥候,部队视野内情报等级为高级,4,
2321,2321,斥候训练,部队视野范围增加1,1,
2322,2321,部队视野范围增加2,部队视野范围增加2,2,
2330,2330,部队被暴击几率减少,部队被暴击几率减少5%,5,
2331,2331,部队暴击几率增加,部队暴击几率增加5%,5,
2340,2340,物理攻击致敌混乱持续时间增加,物理攻击致敌混乱持续时间增加1天,1,
2350,2350,部队被攻击时战意增加,部队被攻击时战意增加(队长勇猛度的二分之一),0.5,
2360,2360,中计几率减少,中计几率减少5%,5,
2361,2361,计略成功几率增加,计略成功几率增加5%,5,
2370,2370,老谋深算,计略失败时战意增加(队长冷静度的二分之一),0.5,
2371,2371,奇画策算,计略成功时战意增加(队长冷静度的二分之一),0.5,
2400,2400,辎重功,粮道疏通能力增加20,20,
2410,2410,仓曹掾,建筑与建筑之间的粮草运输消耗率减半,0.5,
2420,2420,水陆曹掾,粮道补给半径增加1,1,
2430,2430,木牛流马,粮道消耗率减半,0.5,
2500,2240,尖锐武器,步兵攻击力加成5%,0,0.05
2501,2240,锋利武器,步兵攻击力加成10%,0,0.1
2502,2240,协作阵型,步兵攻击力加成15%,0,0.15
2503,2240,副手武器,步兵攻击力加成20%,0,0.2
2504,2240,环首钢刀,步兵攻击力加成25%,0,0.25
2510,2240,尖锐武器,骑兵攻击力加成5%,2,0.05
2511,2240,锋利武器,骑兵攻击力加成10%,2,0.1
2512,2240,突击阵型,骑兵攻击力加成15%,2,0.15
2513,2240,副手武器,骑兵攻击力加成20%,2,0.2
2514,2240,马上弯刀,骑兵攻击力加成25%,2,0.25
2520,2240,尖锐武器,弩兵攻击力加成5%,1,0.05
2521,2240,锋利武器,弩兵攻击力加成10%,1,0.1
2522,2240,三段攻击,弩兵攻击力加成15%,1,0.15
2523,2240,加长箭匣,弩兵攻击力加成20%,1,0.2
2524,2240,诸葛连弩,弩兵攻击力加成25%,1,0.25
2530,2240,尖锐武器,水军攻击力加成5%,3,0.05
2531,2240,锋利武器,水军攻击力加成10%,3,0.1
2532,2240,三角阵型,水军攻击力加成15%,3,0.15
2533,2240,副手武器,水军攻击力加成20%,3,0.2
2534,2240,水战直刀,水军攻击力加成25%,3,0.25
2540,2240,尖锐武器,器械攻击力加成5%,4,0.05
2541,2240,锋利武器,器械攻击力加成10%,4,0.1
2542,2240,轮替阵型,器械攻击力加成15%,4,0.15
2543,2240,弹簧设备,器械攻击力加成20%,4,0.2
2544,2240,瞄准设备,器械攻击力加成25%,4,0.25
2550,2250,加厚装甲,步兵防御力加成5%,0,0.05
2551,2250,小型盾,步兵防御力加成10%,0,0.1
2552,2250,防御阵型,步兵防御力加成15%,0,0.15
2553,2250,内甲,步兵防御力加成20%,0,0.2
2554,2250,山字纹甲,步兵防御力加成25%,0,0.25
2560,2250,加厚装甲,骑兵防御力加成5%,2,0.05
2561,2250,小型盾,骑兵防御力加成10%,2,0.1
2562,2250,散骑阵型,骑兵防御力加成15%,2,0.15
2563,2250,锦衣甲,骑兵防御力加成20%,2,0.2
2564,2250,棉甲,骑兵防御力加成25%,2,0.25
2570,2250,加厚装甲,弩兵防御力加成5%,1,0.05
2571,2250,小型盾,弩兵防御力加成10%,1,0.1
2572,2250,防御阵型,弩兵防御力加成15%,1,0.15
2573,2250,锁子甲,弩兵防御力加成20%,1,0.2
2574,2250,轻型铠甲,弩兵防御力加成25%,1,0.25
2580,2250,纸浆甲,水军防御力加成5%,3,0.05
2581,2250,船载盾墙,水军防御力加成10%,3,0.1
2582,2250,列线阵型,水军防御力加成15%,3,0.15
2583,2250,铁包皮,水军防御力加成20%,3,0.2
2584,2250,前置钢板,水军防御力加成25%,3,0.25
2590,2250,加厚装甲,器械防御力加成5%,4,0.05
2591,2250,车载盾墙,器械防御力加成10%,4,0.1
2592,2250,圆形阵,器械防御力加成15%,4,0.15
2593,2250,铁包皮,器械防御力加成20%,4,0.2
2594,2250,前置钢板,器械防御力加成25%,4,0.25
2600,450,占据大义,所在部队执行“攻心”成功时，效果增加20%,1.2,
2601,451,接替肆扰,所在部队执行“扰乱”成功时，混乱时间增加1天,1,
2602,452,斥候分队,所在部队执行“侦查”时，范围加1,1,
2603,453,所在部队执行“埋伏”时，不会被高级以下情报发现,所在部队执行“埋伏”时，不会被高级以下情报发现,,
2604,454,立燃火石,所在部队执行“火攻”的伤害增加20%,1.2,
2605,455,防火规范,所在部队受到的火系伤害减少20%,0.8,
2606,456,确立目标,所在部队执行“鼓舞”成功时，效果增加20%,1.2,
2607,460,摸金校尉,执行“情报”时，范围加1,1,
2608,461,校尉司,劫牢能力增加50%,0.5,
2609,462,崩城校尉,破坏能力增加50%,0.5,
2610,463,蛊惑校尉,煽动能力增加50%,0.5,
2611,464,蜚语校尉,流言能力增加50%,0.5,
2612,465,别驾从事,搜索能力增加50%,0.5,
2613,466,纵横校尉,说服能力增加50%,0.5,
2614,400,暴击几率增加5%,暴击几率增加5%,5,
2615,400,暴击几率增加10%,暴击几率增加10%,10,
2616,400,暴击几率增加15%,暴击几率增加15%,15,
2617,400,暴击几率增加20%,暴击几率增加20%,20,
2618,400,暴击几率增加30%,暴击几率增加30%,30,
2619,405,被暴击几率减少5%,被暴击几率减少5%,5,
2620,405,被暴击几率减少10%,被暴击几率减少10%,10,
2621,405,被暴击几率减少15%,被暴击几率减少15%,15,
2622,405,被暴击几率减少20%,被暴击几率减少20%,20,
2623,405,被暴击几率减少30%,被暴击几率减少30%,30,
2624,500,计略成功率增加5%,计略成功率增加5%,5,
2625,500,计略成功率增加10%,计略成功率增加10%,10,
2626,500,计略成功率增加15%,计略成功率增加15%,15,
2627,500,计略成功率增加20%,计略成功率增加20%,20,
2628,500,计略成功率增加30%,计略成功率增加30%,30,
2629,510,中计几率减少5%,中计几率减少5%,5,
2630,510,中计几率减少10%,中计几率减少10%,10,
2631,510,中计几率减少15%,中计几率减少15%,15,
2632,510,中计几率减少20%,中计几率减少20%,20,
2633,510,中计几率减少30%,中计几率减少30%,30,
2634,540,奖励战功,击破部队后战意增加10,10,
2635,530,秦军战法,反击使敌方战意减少5,5,
2636,620,确立番号,所在部队每天战意增长5,5,
2637,520,汉军战法,主动攻击使敌方战意减少10,10,
2638,370,谣言攻城,暴击使建筑物统治度减少1,1,
2639,550,突骑分队,暴击致敌混乱几率增加10%,10,
2640,360,精锐营,暴击使敌方士气减少3,3,
2641,4020,攻城演练,对建筑伤害率加成50%,1.5,
2642,573,绣衣使者,计略范围加1,1,
2643,560,广布檄文,计略成功致敌混乱几率增加20%,20,
2644,382,火油提纯,有20%几率使敌军遭受火焰伤害,20,
2645,454,诱敌深入,所在部队执行“火攻”的伤害增加50%,1.5,
2646,455,便携水囊,所在部队受到的火系伤害减少50%,0.5,
2647,0,铁质农具,农业能力增加100,100,
2648,1,商业守则,商业能力增加100,100,
2649,2,工匠功曹,技术能力增加100,100,
2650,3,议曹司,统治能力增加100,100,
2651,4,祭祀功曹,民心能力增加100,100,
2652,5,城防功曹,耐久能力增加100,100,
2653,1000,农业规范,农业上限增加200,200,
2654,1001,蛮胡贸易,商业上限增加200,200,
2655,1002,主薄司,技术上限增加200,200,
2656,1003,瓮城,耐久上限增加200,200,
2657,1004,治中司,统治上限增加20,20,
2658,1005,太史司,民心上限增加200,200,
2659,1004,司徒府,统治上限增加40,40,
2660,1005,御史府,民心上限增加400,400,
2661,3030,水利耕作,建筑每月获得粮草加成30%,0.3,
2662,3400,粮仓规范,建筑内粮草衰减率减少30%,0.3,
2663,3020,提携商贾,建筑每月获得资金加成30%,0.3,
2664,1020,开发山野,设施空间增加2个基本单位,2,
2665,3050,驿站,【视野】+1,1,
2666,3040,宰相府,建筑内人物工作效率提高30%,0.3,
2667,3140,加固设施,建筑被攻击时设施的耐久度下降减少30%,0.3,
2668,3250,盾墙车,耐久每天增加5点,5,
2669,6470,糯胶筑城,减少城墙的破坏50%,0.5,
2670,6120,职业衙役,降低城池俘虏逃跑机率30%,30,
2671,6110,公布律法,增加城池捕获机率15%,15,
2672,6460,预备兵役,增加兵役人口比例上限10%,0.1,
2673,3260,奖励生育,人口增长率增加万分之一,0.0001,
2674,1030,疏通粮道的费用减半,疏通粮道的费用减半,0.5,
2700,2500,步兵暴击率增加30%,步兵暴击率增加30%,0,30
2701,2500,弩兵暴击率增加15%,弩兵暴击率增加15%,1,15
2702,2500,骑兵暴击率增加15%,骑兵暴击率增加15%,2,15
2703,2500,水军暴击率增加30%,水军暴击率增加30%,3,30
2704,2500,器械暴击率增加30%,器械暴击率增加30%,4,30
2710,2510,步兵抗暴率增加30%,步兵抗暴率增加30%,0,30
2711,2510,弩兵抗暴率增加30%,弩兵抗暴率增加30%,1,30
2712,2510,骑兵抗暴率增加30%,骑兵抗暴率增加30%,2,30
2713,2510,水军抗暴率增加30%,水军抗暴率增加30%,3,30
2714,2510,器械抗暴率增加30%,器械抗暴率增加30%,4,30
2720,2520,步兵破坏力加成50%,步兵破坏力加成50%,0,0.5
2721,2520,弩兵破坏力加成50%,弩兵破坏力加成50%,1,0.5
2722,2520,骑兵破坏力加成50%,骑兵破坏力加成50%,2,0.5
2723,2520,水军破坏力加成50%,水军破坏力加成50%,3,0.5
2724,2520,器械破坏力加成50%,器械破坏力加成50%,4,0.5
2730,2530,步兵速度加成20%,步兵速度加成20%,0,0.2
2731,2530,弩兵速度加成20%,弩兵速度加成20%,1,0.2
2732,2530,骑兵速度加成20%,骑兵速度加成20%,2,0.2
2733,2530,水军速度加成20%,水军速度加成20%,3,0.2
2734,2530,器械速度加成20%,器械速度加成20%,4,0.2
2740,2540,步兵视野增加1,步兵视野增加1,0,1
2741,2540,弩兵视野增加1,弩兵视野增加1,1,1
2742,2540,骑兵视野增加1,骑兵视野增加1,2,1
2743,2540,水军视野增加1,水军视野增加1,3,1
2744,2540,器械视野增加1,器械视野增加1,4,1
2750,2550,步兵计略成功率增加30%,步兵计略成功率增加30%,0,30
2751,2550,弩兵计略成功率增加30%,弩兵计略成功率增加30%,1,30
2752,2550,骑兵计略成功率增加30%,骑兵计略成功率增加30%,2,30
2753,2550,水军计略成功率增加30%,水军计略成功率增加30%,3,30
2754,2550,器械计略成功率增加30%,器械计略成功率增加30%,4,30
2760,2560,步兵计略抵抗率增加30%,步兵计略抵抗率增加30%,0,30
2761,2560,弩兵计略抵抗率增加30%,弩兵计略抵抗率增加30%,1,30
2762,2560,骑兵计略抵抗率增加30%,骑兵计略抵抗率增加30%,2,30
2763,2560,水军计略抵抗率增加30%,水军计略抵抗率增加30%,3,30
2764,2560,器械计略抵抗率增加30%,器械计略抵抗率增加30%,4,30
3000,3000,建筑每月获得资金增加100,建筑内每月获得资金增加100,100,
3001,3000,建筑每月获得资金增加400,建筑内每月获得资金增加400,400,
3002,3000,建筑每月获得资金增加2000,建筑内每月获得资金增加2000,2000,
3003,3000,建筑每月获得资金增加8000,建筑内每月获得资金增加8000,8000,
3010,3010,建筑每月获得粮草增加6000,建筑内每月获得粮草增加6000,6000,
3011,3010,建筑每月获得粮草增加30000,建筑内每月获得粮草增加30000,30000,
3012,3010,建筑每月获得粮草增加150000,建筑内每月获得粮草增加150000,150000,
3013,3010,建筑每月获得粮草增加300000,建筑内每月获得粮草增加300000,300000,
3020,3020,建筑每月获得资金加成10%,建筑每月获得资金加成10%,0.1,
3021,3020,建筑每月获得资金加成20%,建筑每月获得资金加成20%,0.2,
3022,3020,建筑每月获得资金加成30%,建筑每月获得资金加成30%,0.3,
3023,3020,建筑每月获得资金加成40%,建筑每月获得资金加成40%,0.4,
3030,3030,建筑每月获得粮草加成10%,建筑每月获得粮草加成10%,0.1,
3031,3030,建筑每月获得粮草加成20%,建筑每月获得粮草加成20%,0.2,
3032,3030,建筑每月获得粮草加成30%,建筑每月获得粮草加成30%,0.3,
3033,3030,建筑每月获得粮草加成40%,建筑每月获得粮草加成40%,0.4,
3040,3040,建筑内人物工作效率提高,建筑内人物工作效率提高10%,0.1,
3041,3040,建筑内人物工作效率提高,建筑内人物工作效率提高20%,0.2,
3042,3040,建筑内人物工作效率提高,建筑内人物工作效率提高30%,0.3,
3043,3040,建筑内人物工作效率提高,建筑内人物工作效率提高50%,0.5,
3050,3050,建筑视野范围增加,【视野】+1,1,
3060,3060,建筑高级视野范围内友军每天战意增加,【战意】每天+5,5,
3080,3080,建筑内的部队不会受到反击,建筑内的部队不会受到反击,,
3090,3090,建筑内录用所需费用减半,建筑内录用所需费用减半,0.5,
3091,3091,建筑内褒奖所需费用减半,建筑内褒奖所需费用减半,0.5,
3092,3092,说服所需费用减半,说服所需费用减半,0.5,
3100,3100,建筑内训练速度加倍,【训练】速度加倍,2,
3110,3110,建筑内新补充的士兵有75点士气,建筑内新补充的士兵有75点士气,75,
3120,3120,建筑内新补充的士兵有75点战意,建筑内新补充的士兵有75点战意,75,
3130,3130,建筑内伤兵恢复速度加倍,建筑内伤兵恢复速度加倍,2,
3140,3140,设施保护,建筑被攻击时设施的耐久度下降减半,0.5,
3151,3151,间谍费用减半,间谍费用减半,0.5,
3152,3152,破坏费用减半,破坏费用减半,0.5,
3153,3153,煽动费用减半,煽动费用减半,0.5,
3154,3154,流言费用减半,流言费用减半,0.5,
3156,3156,清野费用减半,清野费用减半,0.5,
3157,3157,劫牢費用減半,劫牢費用減半,0.5,
3200,3200,农业每天增加1点,农业每天增加1点,1,
3201,3200,农业每天增加2点,农业每天增加2点,2,
3202,3200,农业每天增加5点,农业每天增加5点,5,
3203,3200,农业每天增加10点,农业每天增加10点,10,
3210,3210,商业每天增加1点,商业每天增加1点,1,
3211,3210,商业每天增加2点,商业每天增加2点,2,
3212,3210,商业每天增加5点,商业每天增加5点,5,
3213,3210,商业每天增加10点,商业每天增加10点,10,
3220,3220,技术每天增加1点,技术每天增加1点,1,
3221,3220,技术每天增加2点,技术每天增加2点,2,
3222,3220,技术每天增加5点,技术每天增加5点,5,
3223,3220,技术每天增加10点,技术每天增加10点,10,
3230,3230,统治每天增加1点,统治每天增加1点,1,
3231,3230,统治每天增加2点,统治每天增加2点,2,
3232,3230,统治每天增加5点,统治每天增加5点,5,
3233,3230,统治每天增加10点,统治每天增加10点,10,
3240,3240,民心每天增加1点,民心每天增加1点,1,
3241,3240,民心每天增加2点,民心每天增加2点,2,
3242,3240,民心每天增加5点,民心每天增加5点,5,
3243,3240,民心每天增加10点,民心每天增加10点,10,
3250,3250,耐久每天增加1点,耐久每天增加1点,1,
3251,3250,耐久每天增加2点,耐久每天增加2点,2,
3252,3250,耐久每天增加5点,耐久每天增加5点,5,
3253,3250,耐久每天增加10点,耐久每天增加10点,10,
3260,3260,吸引人力,人口增长率增加十万分之一,0.00001,
3261,3260,开发人力,人口增长率增加十万分之二,0.00002,
3262,3260,扩展人力,人口增长率增加十万分之三,0.00003,
3263,3260,人员鼎盛,人口增长率增加十万分之四,0.00004,
3264,3260,召集人流,人口增长率增加十万分之零点五,0.000005,
3265,3260,吸引人流,人口增长率增加十万分之一点五,0.000015,
3270,3270,每天补充半个基本单位的轻步兵,每天补充半个基本单位的步兵,0,0.5
3271,3270,每天补充半个基本单位的长戟兵,每天补充半个基本单位的弓手,1,0.5
3272,3270,每天补充半个基本单位的弩箭兵,每天补充半个基本单位的骑兵,2,0.5
3300,3300,太学,势力声望每天增加10,10,
3301,3300,太学,势力声望每天增加5,5,
3310,3310,太学,势力技巧点数每天增加5000,5000,
3400,3400,粮仓,【粮草】衰减减半,0.5,
4000,4000,骁果,攻击力加成20%,1.2,
4001,4000,攻击力加成（二）,攻击力加成50%,1.5,
4002,4000,攻击力加成（三）,攻击力加成100%,2,
4003,4000,猛将,攻击力加成200%,3,
4004,4000,虎痴,攻击力加成400%,5,
4010,4010,烈气,防御力加成20%,1.2,
4011,4010,奋战,防御力加成50%,1.5,
4012,4010,护卫,防御力加成100%,2,
4013,4010,守城,防御力加成200%,3,
4014,4010,恶来,防御力加成400%,5,
4020,4020,攻击城墙,对建筑伤害率加成20%,1.2,
4021,4020,打击城墙,对建筑伤害率加成50%,1.5,
4022,4020,冲击城墙,对建筑伤害率加成100%,2,
4023,4020,破坏城墙,对建筑伤害率加成200%,3,
4024,4020,毁灭城墙,对建筑伤害率加成400%,5,
4030,4030,奋斗,击破部队后可以再次攻击,,
4040,4040,沉静,每天恢复混乱状态,,
4050,4050,犄角,必然发起围攻,,
4051,4051,稳守,必然不会被围攻,,
4060,4060,癫狂,攻击波及周边部队,1,
5000,5000,强攻,攻击有10%几率必暴击,10,
5001,5000,强袭,攻击有20%几率必暴击,20,
5004,5000,强悍突击,攻击有50%几率必暴击,50,
5010,5010,岿然不动,被攻击时士气不会下降,,
5020,5020,战意如虹,被攻击时战意不会下降,,
5030,5030,攻击使敌方特技持续时间减少一天,攻击使敌方特技持续时间减少一天,1,
5032,5030,攻击使敌方特技持续时间减少三天,攻击使敌方特技持续时间减少三天,3,
5040,5040,突击,攻击有10%几率产生破甲效果,10,
5041,5040,强击,攻击有20%几率产生破甲效果,20,
5050,5050,暴击,攻击时有10%几率造成双倍伤害,10,
5051,5050,狂击,攻击时有20%几率造成双倍伤害,20,
5055,5055,杀神,攻击时有10%几率造成三倍伤害,10,
5060,5060,安如磐石,被攻击时有10%几率伤害减半,10,
5061,5060,不动如山,被攻击时有20%几率伤害减半,20,
5070,5070,攻击使敌军士气下降1,攻击使敌军士气下降1,1,
5071,5070,攻击使敌军士气下降2,攻击使敌军士气下降2,2,
5080,5080,纪律规范,有10%几率抵抗攻击,10,
5081,5080,军纪严明,有20%几率抵抗攻击,20,
5090,5090,处变不惊,有10%几率抵抗弓箭攻击,10,
5091,5090,令行禁止,有20%几率抵抗弓箭攻击,20,
5092,5090,令行禁止,有50%几率抵抗弓箭攻击,50,
5100,5100,杀意凌然,攻击有5%几率造成敌军混乱,5,
5101,5100,恶魔天降,攻击有10%几率造成敌军混乱,10,
5110,5110,名马,部队被击破时有额外的50%几率不被俘虏,50,
6000,6000,统率增加1,统率增加1,1,
6001,6000,统率增加2,统率增加2,2,
6002,6000,统率增加3,统率增加3,3,
6003,6000,统率增加4,统率增加4,4,
6004,6000,统率增加5,统率增加5,5,
6005,6000,统率增加6,统率增加6,6,
6006,6000,统率增加7,统率增加7,7,
6007,6000,统率增加8,统率增加8,8,
6008,6000,统率增加9,统率增加9,9,
6009,6000,统率增加10,统率增加10,10,
6010,6010,武力增加1,武力增加1,1,
6011,6010,武力增加2,武力增加2,2,
6012,6010,武力增加3,武力增加3,3,
6013,6010,武力增加4,武力增加4,4,
6014,6010,武力增加5,武力增加5,5,
6015,6010,武力增加6,武力增加6,6,
6016,6010,武力增加7,武力增加7,7,
6017,6010,武力增加8,武力增加8,8,
6018,6010,武力增加9,武力增加9,9,
6019,6010,武力增加10,武力增加10,10,
6020,6020,智力增加1,智力增加1,1,
6021,6020,智力增加2,智力增加2,2,
6022,6020,智力增加3,智力增加3,3,
6023,6020,智力增加4,智力增加4,4,
6024,6020,智力增加5,智力增加5,5,
6025,6020,智力增加6,智力增加6,6,
6026,6020,智力增加7,智力增加7,7,
6027,6020,智力增加8,智力增加8,8,
6028,6020,智力增加9,智力增加9,9,
6029,6020,智力增加10,智力增加10,10,
6030,6030,政治增加1,政治增加1,1,
6031,6030,政治增加2,政治增加2,2,
6032,6030,政治增加3,政治增加3,3,
6033,6030,政治增加4,政治增加4,4,
6034,6030,政治增加5,政治增加5,5,
6035,6030,政治增加6,政治增加6,6,
6036,6030,政治增加7,政治增加7,7,
6037,6030,政治增加8,政治增加8,8,
6038,6030,政治增加9,政治增加9,9,
6039,6030,政治增加10,政治增加10,10,
6040,6040,魅力增加1,魅力增加1,1,
6041,6040,魅力增加2,魅力增加2,2,
6042,6040,魅力增加3,魅力增加3,3,
6043,6040,魅力增加4,魅力增加4,4,
6044,6040,魅力增加5,魅力增加5,5,
6045,6040,魅力增加6,魅力增加6,6,
6046,6040,魅力增加7,魅力增加7,7,
6047,6040,魅力增加8,魅力增加8,8,
6048,6040,魅力增加9,魅力增加9,9,
6049,6040,魅力增加10,魅力增加10,10,
6050,6050,自身经验获得增加10%,自身经验获得增加10%,0.1,
6051,6050,自身经验获得增加20%,自身经验获得增加20%,0.2,
6052,6050,自身经验获得增加30%,自身经验获得增加30%,0.3,
6053,6050,自身经验获得增加40%,自身经验获得增加40%,0.4,
6060,6060,所在部队武将经验获得增加10%,所在部队武将经验获得增加10%,0.1,
6061,6060,所在部队武将经验获得增加20%,所在部队武将经验获得增加20%,0.2,
6062,6060,所在部队武将经验获得增加30%,所在部队武将经验获得增加30%,0.3,
6063,6060,所在部队武将经验获得增加40%,所在部队武将经验获得增加40%,0.4,
6070,6070,所在建筑武将经验获得增加10%,所在建筑武将经验获得增加10%,0.1,
6071,6070,所在建筑武将经验获得增加20%,所在建筑武将经验获得增加20%,0.2,
6072,6070,所在建筑武将经验获得增加30%,所在建筑武将经验获得增加30%,0.3,
6073,6070,所在建筑武将经验获得增加40%,所在建筑武将经验获得增加40%,0.4,
6100,6100,击破部队时增加捕获机率10%,击破部队时增加捕获机率10%,10,
6101,6100,击破部队时增加捕获机率20%,击破部队时增加捕获机率20%,20,
6102,6100,击破部队时增加捕获机率30%,击破部队时增加捕获机率30%,30,
6103,6100,击破部队时增加捕获机率40%,击破部队时增加捕获机率40%,40,
6110,6110,增加城池捕获机率10%,增加城池捕获机率10%,10,
6111,6110,增加城池捕获机率20%,增加城池捕获机率20%,20,
6112,6110,增加城池捕获机率30%,增加城池捕获机率30%,30,
6113,6110,增加城池捕获机率40%,增加城池捕获机率40%,40,
6120,6120,降低城池俘虏逃跑机率10%,降低城池俘虏逃跑机率10%,10,
6121,6120,降低城池俘虏逃跑机率20%,降低城池俘虏逃跑机率20%,20,
6122,6120,降低城池俘虏逃跑机率30%,降低城池俘虏逃跑机率30%,30,
6123,6120,降低城池俘虏逃跑机率40%,降低城池俘虏逃跑机率40%,40,
6130,6130,自身被俘时增加逃跑机率10%,自身被俘时增加逃跑机率10%,10,
6131,6130,自身被俘时增加逃跑机率20%,自身被俘时增加逃跑机率20%,20,
6132,6130,自身被俘时增加逃跑机率30%,自身被俘时增加逃跑机率30%,30,
6133,6130,自身被俘时增加逃跑机率40%,自身被俘时增加逃跑机率40%,40,
6140,6140,所在城池忠诚不多于99的俘虏忠诚每天下降1,所在城池忠诚不多于99的俘虏忠诚每天下降1,99,1
6141,6140,所在城池忠诚不多于99的俘虏忠诚每天下降2,所在城池忠诚不多于99的俘虏忠诚每天下降2,99,2
6142,6140,所在城池忠诚不多于100的俘虏忠诚每天下降1,所在城池忠诚不多于100的俘虏忠诚每天下降1,100,1
6143,6140,所在城池忠诚不多于100的俘虏忠诚每天下降2,所在城池忠诚不多于100的俘虏忠诚每天下降2,100,2
6144,6140,所在城池忠诚不多于254的俘虏忠诚每天下降1,所在城池忠诚不多于254的俘虏忠诚每天下降1,254,1
6145,6140,所在城池忠诚不多于254的俘虏忠诚每天下降2,所在城池忠诚不多于254的俘虏忠诚每天下降2,254,2
6150,6150,建筑武将每天统率经验增加1,建筑武将每天统率经验增加1,1,
6151,6150,建筑武将每天统率经验增加2,建筑武将每天统率经验增加2,2,
6152,6150,建筑武将每天统率经验增加5,建筑武将每天统率经验增加5,5,
6153,6150,建筑武将每天统率经验增加10,建筑武将每天统率经验增加10,10,
6155,6155,建筑武将每天武勇经验增加1,建筑武将每天武勇经验增加1,1,
6156,6155,建筑武将每天武勇经验增加2,建筑武将每天武勇经验增加2,2,
6157,6155,建筑武将每天武勇经验增加5,建筑武将每天武勇经验增加5,5,
6158,6155,建筑武将每天武勇经验增加10,建筑武将每天武勇经验增加10,10,
6160,6160,建筑武将每天智力经验增加1,建筑武将每天智力经验增加1,1,
6161,6160,建筑武将每天智力经验增加2,建筑武将每天智力经验增加2,2,
6162,6160,建筑武将每天智力经验增加5,建筑武将每天智力经验增加5,5,
6163,6160,建筑武将每天智力经验增加10,建筑武将每天智力经验增加10,10,
6165,6165,建筑武将每天政治经验增加1,建筑武将每天政治经验增加1,1,
6166,6165,建筑武将每天政治经验增加2,建筑武将每天政治经验增加2,2,
6167,6165,建筑武将每天政治经验增加5,建筑武将每天政治经验增加5,5,
6168,6165,建筑武将每天政治经验增加10,建筑武将每天政治经验增加10,10,
6170,6170,建筑武将每天魅力经验增加1,建筑武将每天魅力经验增加1,1,
6171,6170,建筑武将每天魅力经验增加2,建筑武将每天魅力经验增加2,2,
6172,6170,建筑武将每天魅力经验增加5,建筑武将每天魅力经验增加5,5,
6173,6170,建筑武将每天魅力经验增加10,建筑武将每天魅力经验增加10,10,
6175,6175,建筑武将每天声望增加10,建筑武将每天声望增加10,10,
6176,6175,建筑武将每天声望增加20,建筑武将每天声望增加20,20,
6177,6175,建筑武将每天声望增加50,建筑武将每天声望增加50,50,
6178,6175,建筑武将每天声望增加100,建筑武将每天声望增加100,100,
6300,6300,怀孕机率增加10%,怀孕机率增加10%,10,
6301,6300,怀孕机率增加20%,怀孕机率增加20%,20,
6302,6300,怀孕机率增加30%,怀孕机率增加30%,30,
6303,6300,怀孕机率增加40%,怀孕机率增加40%,40,
6310,6310,诞下子女能力增加1,诞下子女能力增加1,1,
6311,6310,诞下子女能力增加2,诞下子女能力增加2,2,
6312,6310,诞下子女能力增加5,诞下子女能力增加5,5,
6313,6310,诞下子女能力增加10,诞下子女能力增加10,10,
6320,6320,诞下子女有额外5%机率取得技能,诞下子女有额外5%机率取得技能,5,
6321,6320,诞下子女有额外10%机率取得技能,诞下子女有额外10%机率取得技能,10,
6322,6320,诞下子女有额外15%机率取得技能,诞下子女有额外15%机率取得技能,15,
6323,6320,诞下子女有额外20%机率取得技能,诞下子女有额外20%机率取得技能,20,
6330,6330,诞下子女有额外5%机率取得特技,诞下子女有额外5%机率取得特技,5,
6331,6330,诞下子女有额外10%机率取得特技,诞下子女有额外10%机率取得特技,10,
6332,6330,诞下子女有额外15%机率取得特技,诞下子女有额外15%机率取得特技,15,
6333,6330,诞下子女有额外20%机率取得特技,诞下子女有额外20%机率取得特技,20,
6340,6340,诞下子女有较高机率取得高1级称号,诞下子女有较高机率取得高1级称号,1,
6341,6340,诞下子女有较高机率取得高2级称号,诞下子女有较高机率取得高2级称号,2,
6350,6350,有5%机率诞下胞胎，每次最多2个,有5%机率诞下胞胎，每次最多2个,5,2
6351,6350,有10%机率诞下胞胎，每次最多3个,有10%机率诞下胞胎，每次最多3个,10,3
6360,6360,诞下子女有30%机率忠诚150,诞下子女有30%机率忠诚150,30,150
6361,6360,诞下子女有50%机率忠诚150,诞下子女有50%机率忠诚150,50,150
6370,6370,诞下子女名声增加1000,诞下子女名声增加1000,1000,
6371,6370,诞下子女名声增加2000,诞下子女名声增加2000,2000,
6372,6370,诞下子女名声增加3000,诞下子女名声增加3000,3000,
6373,6370,诞下子女名声增加4000,诞下子女名声增加4000,4000,
6400,6400,城池设施不需要资金运作,城池设施不需要资金运作,,
6410,6410,设施耐久每天恢复1,设施耐久每天恢复1,1,
6411,6410,设施耐久每天恢复2,设施耐久每天恢复2,2,
6412,6410,设施耐久每天恢复3,设施耐久每天恢复3,3,
6413,6410,设施耐久每天恢复4,设施耐久每天恢复4,4,
6420,6420,降低发生水灾的机率50%,降低发生水灾的机率50%,0,50
6421,6420,降低发生旱灾的机率50%,降低发生旱灾的机率50%,1,50
6422,6420,降低发生地震的机率50%,降低发生地震的机率50%,2,50
6423,6420,降低发生蝗灾的机率50%,降低发生蝗灾的机率50%,3,50
6424,6420,降低发生瘟疫的机率50%,降低发生瘟疫的机率50%,4,50
6425,6420,降低发生风灾的机率50%,降低发生风灾的机率50%,5,50
6430,6430,降低水灾的破坏50%,降低水灾的破坏50%,0,0.5
6431,6430,降低旱灾的破坏50%,降低旱灾的破坏50%,1,0.5
6432,6430,降低地震的破坏50%,降低地震的破坏50%,2,0.5
6433,6430,降低蝗灾的破坏50%,降低蝗灾的破坏50%,3,0.5
6434,6430,降低瘟疫的破坏50%,降低瘟疫的破坏50%,4,0.5
6435,6430,降低风灾的破坏50%,降低风灾的破坏50%,5,0.5
6440,6440,设施兴建时间加快10%,设施兴建时间加快10%,0.1,
6441,6440,设施兴建时间加快20%,设施兴建时间加快20%,0.2,
6442,6440,设施兴建时间加快30%,设施兴建时间加快30%,0.3,
6443,6440,设施兴建时间加快40%,设施兴建时间加快40%,0.4,
6450,6450,增加邻近城池出现水灾机率0.2%,增加邻近城池出现水灾机率0.2%,0,20
6451,6450,增加邻近城池出现旱灾机率0.2%,增加邻近城池出现旱灾机率0.2%,1,20
6452,6450,增加邻近城池出现地震机率0.2%,增加邻近城池出现地震机率0.2%,2,20
6453,6450,增加邻近城池出现蝗灾机率0.2%,增加邻近城池出现蝗灾机率0.2%,3,20
6454,6450,增加邻近城池出现瘟疫机率0.2%,增加邻近城池出现瘟疫机率0.2%,4,20
6455,6450,增加邻近城池出现风灾机率0.2%,增加邻近城池出现风灾机率0.2%,5,20
6456,6450,增加邻近城池出现火灾机率0.2%,增加邻近城池出现火灾机率0.2%,6,20
6457,6450,增加邻近城池出现火灾机率0.2%,增加邻近城池出现火灾机率10%,6,1000
6460,6460,增加兵役人口比例上限5%,增加兵役人口比例上限5%,0.05,
6461,6460,增加兵役人口比例上限10%,增加兵役人口比例上限10%,0.1,
6462,6460,增加兵役人口比例上限15%,增加兵役人口比例上限15%,0.15,
6463,6460,增加兵役人口比例上限20%,增加兵役人口比例上限20%,0.2,
6464,6450,增加邻近城池出现水灾机率0.2%,增加邻近城池出现水灾机率10%,0,1000
6465,6450,增加邻近城池出现旱灾机率0.2%,增加邻近城池出现旱灾机率10%,1,1000
6466,6450,增加邻近城池出现地震机率0.2%,增加邻近城池出现地震机率10%,2,1000
6467,6450,增加邻近城池出现蝗灾机率0.2%,增加邻近城池出现蝗灾机率10%,3,1000
6468,6450,增加邻近城池出现瘟疫机率0.2%,增加邻近城池出现瘟疫机率10%,4,1000
6469,6450,增加邻近城池出现风灾机率0.2%,增加邻近城池出现风灾机率10%,5,1000
6470,6470,减少城墙的破坏5%,减少城墙的破坏5%,0.05,
6471,6470,减少城墙的破坏10%,减少城墙的破坏10%,0.1,
6472,6470,减少城墙的破坏15%,减少城墙的破坏15%,0.15,
6473,6470,减少城墙的破坏20%,减少城墙的破坏20%,0.2,
6474,6470,减少城墙的破坏25%,减少城墙的破坏25%,0.25,
6500,6500,击破部队时有10%机率夺取敌方宝物,击破部队时有10%机率夺取敌方宝物,10,
6501,6500,击破部队时有20%机率夺取敌方宝物,击破部队时有20%机率夺取敌方宝物,20,
6502,6500,击破部队时有30%机率夺取敌方宝物,击破部队时有30%机率夺取敌方宝物,30,
6503,6500,击破部队时有40%机率夺取敌方宝物,击破部队时有40%机率夺取敌方宝物,40,
6505,6505,攻击时敌军伤兵率为0,攻击时敌军伤兵率为0,0,
6506,6505,攻击时敌军伤兵率为10%,攻击时敌军伤兵率为10%,0.1,
6510,6510,自身疲累度10%机率不会增加,自身疲累度10%机率不会增加,10,
6511,6510,自身疲累度20%机率不会增加,自身疲累度20%机率不会增加,20,
6512,6510,自身疲累度30%机率不会增加,自身疲累度30%机率不会增加,30,
6513,6510,自身疲累度40%机率不会增加,自身疲累度40%机率不会增加,40,
6515,6515,同部队武将疲累度10%机率不会增加,同部队武将疲累度10%机率不会增加,10,
6516,6515,同部队武将疲累度20%机率不会增加,同部队武将疲累度20%机率不会增加,20,
6517,6515,同部队武将疲累度30%机率不会增加,同部队武将疲累度30%机率不会增加,30,
6518,6515,同部队武将疲累度40%机率不会增加,同部队武将疲累度40%机率不会增加,40,
6520,6520,视野范围内友军疲累度10%机率下降,视野范围内友军疲累度10%机率下降,10,
6521,6520,视野范围内友军疲累度20%机率下降,视野范围内友军疲累度20%机率下降,20,
6522,6520,视野范围内友军疲累度50%机率下降,视野范围内友军疲累度50%机率下降,50,
6523,6520,视野范围内友军疲累度100%机率下降,视野范围内友军疲累度100%机率下降,100,
6525,6525,视野范围内非友军疲累度10%机率增加,视野范围内非友军疲累度10%机率增加,10,
6526,6525,视野范围内非友军疲累度20%机率增加,视野范围内非友军疲累度20%机率增加,20,
6527,6525,视野范围内非友军疲累度50%机率增加,视野范围内非友军疲累度50%机率增加,50,
6528,6525,视野范围内非友军疲累度100%机率增加,视野范围内非友军疲累度100%机率增加,100,
6530,6530,攻击时敌军伤兵减少1单位,攻击时敌军伤兵减少1单位,1,
6531,6530,攻击时敌军伤兵减少2单位,攻击时敌军伤兵减少2单位,2,
6532,6530,攻击时敌军伤兵减少3单位,攻击时敌军伤兵减少3单位,3,
6533,6530,攻击时敌军伤兵减少4单位,攻击时敌军伤兵减少4单位,4,
6535,6535,暴击时敌军伤兵减少1单位,暴击时敌军伤兵减少1单位,1,
6536,6535,暴击时敌军伤兵减少2单位,暴击时敌军伤兵减少2单位,2,
6537,6535,暴击时敌军伤兵减少3单位,暴击时敌军伤兵减少3单位,3,
6538,6535,暴击时敌军伤兵减少4单位,暴击时敌军伤兵减少4单位,4,
6540,6540,视野范围内友军伤兵回复50,视野范围内友军伤兵回复50,50,
6541,6540,视野范围内友军伤兵回复100,视野范围内友军伤兵回复100,100,
6542,6540,视野范围内友军伤兵回复200,视野范围内友军伤兵回复200,200,
6543,6540,视野范围内友军伤兵回复500,视野范围内友军伤兵回复500,500,
6545,6545,视野范围内非友军伤兵减少50,视野范围内非友军伤兵减少50,50,
6546,6545,视野范围内非友军伤兵减少100,视野范围内非友军伤兵减少100,100,
6547,6545,视野范围内非友军伤兵减少200,视野范围内非友军伤兵减少200,200,
6548,6545,视野范围内非友军伤兵减少500,视野范围内非友军伤兵减少500,500,
6550,6550,视野范围内友军兵力增加50,视野范围内友军兵力增加50,50,
6551,6550,视野范围内友军兵力增加100,视野范围内友军兵力增加100,100,
6552,6550,视野范围内友军兵力增加200,视野范围内友军兵力增加200,200,
6553,6550,视野范围内友军兵力增加500,视野范围内友军兵力增加500,500,
6555,6555,视野范围内非友军兵力减少50,视野范围内非友军兵力减少50,50,
6556,6555,视野范围内非友军兵力减少100,视野范围内非友军兵力减少100,100,
6557,6555,视野范围内非友军兵力减少200,视野范围内非友军兵力减少200,200,
6558,6555,视野范围内非友军兵力减少500,视野范围内非友军兵力减少500,500,
6560,6560,视野范围内友军士气增加5,视野范围内友军士气增加5,5,
6561,6560,视野范围内友军士气增加10,视野范围内友军士气增加10,10,
6562,6560,视野范围内友军士气增加15,视野范围内友军士气增加15,15,
6563,6560,视野范围内友军士气增加20,视野范围内友军士气增加20,20,
6565,6565,视野范围内非友军士气减少5,视野范围内非友军士气减少5,5,
6566,6565,视野范围内非友军士气减少10,视野范围内非友军士气减少10,10,
6567,6565,视野范围内非友军士气减少15,视野范围内非友军士气减少15,15,
6568,6565,视野范围内非友军士气减少20,视野范围内非友军士气减少20,20,
6570,6570,攻击时能夺取敌方伤害10%的士兵,攻击时能夺取敌方伤害10%的士兵,0.1,
6571,6570,攻击时能夺取敌方伤害20%的士兵,攻击时能夺取敌方伤害20%的士兵,0.2,
6572,6570,攻击时能夺取敌方伤害30%的士兵,攻击时能夺取敌方伤害30%的士兵,0.3,
6573,6570,攻击时能夺取敌方伤害40%的士兵,攻击时能夺取敌方伤害40%的士兵,0.4,
6575,6575,攻击时能夺取敌方伤害10%的伤兵,攻击时能夺取敌方伤害10%的伤兵,0.1,
6576,6575,攻击时能夺取敌方伤害20%的伤兵,攻击时能夺取敌方伤害20%的伤兵,0.2,
6577,6575,攻击时能夺取敌方伤害30%的伤兵,攻击时能夺取敌方伤害30%的伤兵,0.3,
6578,6575,攻击时能夺取敌方伤害40%的伤兵,攻击时能夺取敌方伤害40%的伤兵,0.4,
6580,6580,攻击时敌军疲累度增加1,攻击时敌军疲累度增加1,1,
6581,6580,攻击时敌军疲累度增加2,攻击时敌军疲累度增加2,2,
6582,6580,攻击时敌军疲累度增加5,攻击时敌军疲累度增加5,5,
6583,6580,攻击时敌军疲累度增加10,攻击时敌军疲累度增加10,10,
6585,6585,暴击时敌军疲累度增加1,暴击时敌军疲累度增加1,1,
6586,6585,暴击时敌军疲累度增加2,暴击时敌军疲累度增加2,2,
6587,6585,暴击时敌军疲累度增加5,暴击时敌军疲累度增加5,5,
6588,6585,暴击时敌军疲累度增加10,暴击时敌军疲累度增加10,10,
6595,6595,攻击时可夺得敌军50000粮草,攻击时可夺得敌军50000粮草,50000,
6596,6595,攻击时可夺得敌军100000粮草,攻击时可夺得敌军100000粮草,100000,
6597,6595,攻击时可夺得敌军150000粮草,攻击时可夺得敌军150000粮草,150000,
6598,6595,攻击时可夺得敌军200000粮草,攻击时可夺得敌军200000粮草,200000,
6600,6600,开发技术所需声望减少10%,开发技术所需声望减少10%,0.1,
6601,6600,开发技术所需声望减少20%,开发技术所需声望减少20%,0.2,
6602,6600,开发技术所需声望减少30%,开发技术所需声望减少30%,0.3,
6603,6600,开发技术所需声望减少40%,开发技术所需声望减少40%,0.4,
6610,6610,开发技术所需技巧点减少10%,开发技术所需技巧点减少10%,0.1,
6611,6610,开发技术所需技巧点减少20%,开发技术所需技巧点减少20%,0.2,
6612,6610,开发技术所需技巧点减少30%,开发技术所需技巧点减少30%,0.3,
6613,6610,开发技术所需技巧点减少40%,开发技术所需技巧点减少40%,0.4,
6620,6620,开发技术所需时间减少10%,开发技术所需时间减少10%,0.1,
6621,6620,开发技术所需时间减少20%,开发技术所需时间减少20%,0.2,
6622,6620,开发技术所需时间减少30%,开发技术所需时间减少30%,0.3,
6623,6620,开发技术所需时间减少40%,开发技术所需时间减少40%,0.4,
6630,6630,开发技术所需资金减少10%,开发技术所需资金减少10%,0.1,
6631,6630,开发技术所需资金减少20%,开发技术所需资金减少20%,0.2,
6632,6630,开发技术所需资金减少30%,开发技术所需资金减少30%,0.3,
6633,6630,开发技术所需资金减少40%,开发技术所需资金减少40%,0.4,
6700,6700,击破敌军时敌方主将10%机率统率减少1,击破敌军时敌方主将10%机率统率减少1,10,1
6701,6700,击破敌军时敌方主将20%机率统率减少1,击破敌军时敌方主将20%机率统率减少1,20,1
6702,6700,击破敌军时敌方主将10%机率统率减少2,击破敌军时敌方主将10%机率统率减少2,10,2
6705,6705,击破敌军时自己10%机率统率增加1,击破敌军时自己10%机率统率增加1,10,1
6706,6705,击破敌军时自己20%机率统率增加1,击破敌军时自己20%机率统率增加1,20,1
6707,6705,击破敌军时自己10%机率统率增加2,击破敌军时自己10%机率统率增加2,10,2
6708,6705,击破敌军时自己100%机率统率增加1,击破敌军时自己100%机率统率增加1,100,1
6710,6710,击破敌军时敌方主将10%机率武力减少1,击破敌军时敌方主将10%机率武力减少1,10,1
6711,6710,击破敌军时敌方主将20%机率武力减少1,击破敌军时敌方主将20%机率武力减少1,20,1
6712,6710,击破敌军时敌方主将10%机率武力减少2,击破敌军时敌方主将10%机率武力减少2,10,2
6715,6715,击破敌军时自己10%机率武力增加1,击破敌军时自己10%机率武力增加1,10,1
6716,6715,击破敌军时自己20%机率武力增加1,击破敌军时自己20%机率武力增加1,20,1
6717,6715,击破敌军时自己10%机率武力增加2,击破敌军时自己10%机率武力增加2,10,2
6718,6715,击破敌军时自己100%机率武力增加1,击破敌军时自己100%机率武力增加1,100,1
6720,6720,击破敌军时敌方主将10%机率智力减少1,击破敌军时敌方主将10%机率智力减少1,10,1
6721,6720,击破敌军时敌方主将20%机率智力减少1,击破敌军时敌方主将20%机率智力减少1,20,1
6722,6720,击破敌军时敌方主将10%机率智力减少2,击破敌军时敌方主将10%机率智力减少2,10,2
6725,6725,击破敌军时自己10%机率智力增加1,击破敌军时自己10%机率智力增加1,10,1
6726,6725,击破敌军时自己20%机率智力增加1,击破敌军时自己20%机率智力增加1,20,1
6727,6725,击破敌军时自己10%机率智力增加2,击破敌军时自己10%机率智力增加2,10,2
6728,6725,击破敌军时自己100%机率智力增加1,击破敌军时自己100%机率智力增加1,100,1
6730,6730,击破敌军时敌方主将10%机率政治减少1,击破敌军时敌方主将10%机率政治减少1,10,1
6731,6730,击破敌军时敌方主将20%机率政治减少1,击破敌军时敌方主将20%机率政治减少1,20,1
6732,6730,击破敌军时敌方主将10%机率政治减少2,击破敌军时敌方主将10%机率政治减少2,10,2
6735,6735,击破敌军时自己10%机率政治增加1,击破敌军时自己10%机率政治增加1,10,1
6736,6735,击破敌军时自己20%机率政治增加1,击破敌军时自己20%机率政治增加1,20,1
6737,6735,击破敌军时自己10%机率政治增加2,击破敌军时自己10%机率政治增加2,10,2
6738,6735,击破敌军时自己100%机率政治增加1,击破敌军时自己100%机率政治增加1,100,1
6740,6740,击破敌军时敌方主将10%机率魅力减少1,击破敌军时敌方主将10%机率魅力减少1,10,1
6741,6740,击破敌军时敌方主将20%机率魅力减少1,击破敌军时敌方主将20%机率魅力减少1,20,1
6742,6740,击破敌军时敌方主将10%机率魅力减少2,击破敌军时敌方主将10%机率魅力减少2,10,2
6745,6745,击破敌军时自己10%机率魅力增加1,击破敌军时自己10%机率魅力增加1,10,1
6746,6745,击破敌军时自己20%机率魅力增加1,击破敌军时自己20%机率魅力增加1,20,1
6747,6745,击破敌军时自己10%机率魅力增加2,击破敌军时自己10%机率魅力增加2,10,2
6748,6745,击破敌军时自己100%机率魅力增加1,击破敌军时自己100%机率魅力增加1,100,1
6750,6750,击破敌军时敌方主将10%机率名声减少100,击破敌军时敌方主将10%机率名声减少100,10,100
6751,6750,击破敌军时敌方主将20%机率名声减少100,击破敌军时敌方主将20%机率名声减少100,20,100
6752,6750,击破敌军时敌方主将10%机率名声减少200,击破敌军时敌方主将10%机率名声减少200,10,200
6755,6755,击破敌军时自己10%机率名声增加100,击破敌军时自己10%机率名声增加100,10,100
6756,6755,击破敌军时自己20%机率名声增加100,击破敌军时自己20%机率名声增加100,20,100
6757,6755,击破敌军时自己10%机率名声增加200,击破敌军时自己10%机率名声增加200,10,200
6760,6760,击破敌军时敌方主将10%机率忘记1个技能,击破敌军时敌方主将10%机率忘记1个技能,10,1
6761,6760,击破敌军时敌方主将20%机率忘记1个技能,击破敌军时敌方主将20%机率忘记1个技能,20,1
6762,6760,击破敌军时敌方主将10%机率忘记2个技能,击破敌军时敌方主将10%机率忘记2个技能,10,2
6770,6770,部队武将每天统率经验增加1,部队武将每天统率经验增加1,1,
6771,6770,部队武将每天统率经验增加2,部队武将每天统率经验增加2,2,
6772,6770,部队武将每天统率经验增加5,部队武将每天统率经验增加5,5,
6773,6770,部队武将每天统率经验增加10,部队武将每天统率经验增加10,10,
6775,6775,部队武将每天武勇经验增加1,部队武将每天武勇经验增加1,1,
6776,6775,部队武将每天武勇经验增加2,部队武将每天武勇经验增加2,2,
6777,6775,部队武将每天武勇经验增加5,部队武将每天武勇经验增加5,5,
6778,6775,部队武将每天武勇经验增加10,部队武将每天武勇经验增加10,10,
6780,6780,部队武将每天智力经验增加1,部队武将每天智力经验增加1,1,
6781,6780,部队武将每天智力经验增加2,部队武将每天智力经验增加2,2,
6782,6780,部队武将每天智力经验增加5,部队武将每天智力经验增加5,5,
6783,6780,部队武将每天智力经验增加10,部队武将每天智力经验增加10,10,
6785,6785,部队武将每天政治经验增加1,部队武将每天政治经验增加1,1,
6786,6785,部队武将每天政治经验增加2,部队武将每天政治经验增加2,2,
6787,6785,部队武将每天政治经验增加5,部队武将每天政治经验增加5,5,
6788,6785,部队武将每天政治经验增加10,部队武将每天政治经验增加10,10,
6790,6790,部队武将每天魅力经验增加1,部队武将每天魅力经验增加1,1,
6791,6790,部队武将每天魅力经验增加2,部队武将每天魅力经验增加2,2,
6792,6790,部队武将每天魅力经验增加5,部队武将每天魅力经验增加5,5,
6793,6790,部队武将每天魅力经验增加10,部队武将每天魅力经验增加10,10,
6795,6795,部队武将每天声望增加10,部队武将每天声望增加10,10,
6796,6795,部队武将每天声望增加20,部队武将每天声望增加20,20,
6797,6795,部队武将每天声望增加50,部队武将每天声望增加50,50,
6798,6795,部队武将每天声望增加100,部队武将每天声望增加100,100,
6800,6800,勇猛度增加1,勇猛度增加1,1,
6801,6800,勇猛度增加2,勇猛度增加2,2,
6802,6800,勇猛度增加3,勇猛度增加3,3,
6803,6800,勇猛度增加4,勇猛度增加4,4,
6810,6810,冷静度增加1,冷静度增加1,1,
6811,6810,冷静度增加2,冷静度增加2,2,
6812,6810,冷静度增加3,冷静度增加3,3,
6813,6810,冷静度增加4,冷静度增加4,4,
6830,6830,每天统率经验增加1,每天统率经验增加1,1,
6831,6830,每天统率经验增加2,每天统率经验增加2,2,
6832,6830,每天统率经验增加5,每天统率经验增加5,5,
6833,6830,每天统率经验增加10,每天统率经验增加10,10,
6835,6835,每天武勇经验增加1,每天武勇经验增加1,1,
6836,6835,每天武勇经验增加2,每天武勇经验增加2,2,
6837,6835,每天武勇经验增加5,每天武勇经验增加5,5,
6838,6835,每天武勇经验增加10,每天武勇经验增加10,10,
6840,6840,每天智力经验增加1,每天智力经验增加1,1,
6841,6840,每天智力经验增加2,每天智力经验增加2,2,
6842,6840,每天智力经验增加5,每天智力经验增加5,5,
6843,6840,每天智力经验增加10,每天智力经验增加10,10,
6845,6845,每天政治经验增加1,每天政治经验增加1,1,
6846,6845,每天政治经验增加2,每天政治经验增加2,2,
6847,6845,每天政治经验增加5,每天政治经验增加5,5,
6848,6845,每天政治经验增加10,每天政治经验增加10,10,
6850,6850,每天魅力经验增加1,每天魅力经验增加1,1,
6851,6850,每天魅力经验增加2,每天魅力经验增加2,2,
6852,6850,每天魅力经验增加5,每天魅力经验增加5,5,
6853,6850,每天魅力经验增加10,每天魅力经验增加10,10,
6855,6855,每天声望增加10,每天声望增加10,10,
6856,6855,每天声望增加20,每天声望增加20,20,
6857,6855,每天声望增加50,每天声望增加50,50,
6858,6855,每天声望增加100,每天声望增加100,100,
6900,6900,计略成功时敌军疲累度增加1,计略成功时敌军疲累度增加1,1,
6901,6900,计略成功时敌军疲累度增加2,计略成功时敌军疲累度增加2,2,
6902,6900,计略成功时敌军疲累度增加3,计略成功时敌军疲累度增加3,3,
6903,6900,计略成功时敌军疲累度增加4,计略成功时敌军疲累度增加4,4,
6905,6905,计略成功时能夺取敌方500士兵,计略成功时能夺取敌方50士兵,50,
6906,6905,计略成功时能夺取敌方1000士兵,计略成功时能夺取敌方1000士兵,1000,
6907,6905,计略成功时能夺取敌方1500士兵,计略成功时能夺取敌方1500士兵,1500,
6908,6905,计略成功时能夺取敌方2000士兵,计略成功时能夺取敌方2000士兵,2000,
6910,6910,计略成功时能夺取敌方500伤兵,计略成功时能夺取敌方50伤兵,50,
6911,6910,计略成功时能夺取敌方1000伤兵,计略成功时能夺取敌方1000伤兵,1000,
6912,6910,计略成功时能夺取敌方1500伤兵,计略成功时能夺取敌方1500伤兵,1500,
6913,6910,计略成功时能夺取敌方2000伤兵,计略成功时能夺取敌方2000伤兵,2000,
6915,6915,计略成功时敌方士气减少1,计略成功时敌方士气减少1,1,
6916,6915,计略成功时敌方士气减少2,计略成功时敌方士气减少2,2,
6917,6915,计略成功时敌方士气减少3,计略成功时敌方士气减少3,3,
6918,6915,计略成功时敌方士气减少4,计略成功时敌方士气减少4,4,
6920,6920,计略成功时敌方战意减少5,计略成功时敌方战意减少5,5,
6921,6920,计略成功时敌方战意减少10,计略成功时敌方战意减少10,10,
6922,6920,计略成功时敌方战意减少15,计略成功时敌方战意减少15,15,
6923,6920,计略成功时敌方战意减少20,计略成功时敌方战意减少20,20,
6925,6925,计略成功时敌方士兵减少50,计略成功时敌方士兵减少50,50,
6926,6925,计略成功时敌方士兵减少1000,计略成功时敌方士兵减少1000,1000,
6927,6925,计略成功时敌方士兵减少1500,计略成功时敌方士兵减少1500,1500,
6928,6925,计略成功时敌方士兵减少2000,计略成功时敌方士兵减少2000,2000,
6930,6930,计略成功时敌方伤兵减少500,计略成功时敌方伤兵减少500,500,
6931,6930,计略成功时敌方伤兵减少1000,计略成功时敌方伤兵减少1000,1000,
6932,6930,计略成功时敌方伤兵减少1500,计略成功时敌方伤兵减少1500,1500,
6933,6930,计略成功时敌方伤兵减少2000,计略成功时敌方伤兵减少2000,2000,
6935,6935,计略成功时敌方武将忠诚度下降1,计略成功时敌方武将忠诚度下降1,1,
6936,6935,计略成功时敌方武将忠诚度下降2,计略成功时敌方武将忠诚度下降2,2,
6937,6935,计略成功时敌方武将忠诚度下降3,计略成功时敌方武将忠诚度下降3,3,
6938,6935,计略成功时敌方武将忠诚度下降4,计略成功时敌方武将忠诚度下降4,4,
6945,6945,计略成功时夺得敌军50000粮草,计略成功时夺得敌军50000粮草,50000,
6946,6945,计略成功时夺得敌军100000粮草,计略成功时夺得敌军100000粮草,100000,
6947,6945,计略成功时夺得敌军150000粮草,计略成功时夺得敌军150000粮草,150000,
6948,6945,计略成功时夺得敌军200000粮草,计略成功时夺得敌军200000粮草,200000,
6990,6990,视野范围内友军有10%机率从混乱回复,视野范围内友军有10%机率从混乱回复,10,
6991,6990,视野范围内友军有20%机率从混乱回复,视野范围内友军有20%机率从混乱回复,20,
6992,6990,视野范围内友军有30%机率从混乱回复,视野范围内友军有30%机率从混乱回复,30,
6993,6990,视野范围内友军有50%机率从混乱回复,视野范围内友军有50%机率从混乱回复,50,
6995,6995,视野范围内非友军有10%机率陷入混乱,视野范围内非友军有10%机率陷入混乱,10,
6996,6995,视野范围内非友军有20%机率陷入混乱,视野范围内非友军有20%机率陷入混乱,20,
6997,6995,视野范围内非友军有30%机率陷入混乱,视野范围内非友军有30%机率陷入混乱,30,
6998,6995,视野范围内非友军有50%机率陷入混乱,视野范围内非友军有50%机率陷入混乱,50,
7000,10,农业加成,农业能力加成20%,0.2,
7001,11,商业加成,商业能力加成20%,0.2,
7002,12,技术加成,技术能力加成20%,0.2,
7003,13,统治加成,统治能力加成20%,0.2,
7004,14,民心加成,民心能力加成20%,0.2,
7005,15,耐久加成,耐久能力加成20%,0.2,
7006,20,农桑能吏,农业获得势力声望为基本值的1.2倍,1.2,
7007,21,商贾能吏,商业获得势力声望为基本值的1.2倍,1.2,
7008,22,工匠能吏,技术获得势力声望为基本值的1.2倍,1.2,
7009,23,治安能吏,统治获得势力声望为基本值的1.2倍,1.2,
7010,24,安民能吏,民心获得势力声望为基本值的1.2倍,1.2,
7011,25,城防能吏,耐久获得势力声望为基本值的1.2倍,1.2,
7012,20,农桑能吏,农业获得势力声望为基本值的1.5倍,1.5,
7013,21,商贾能吏,商业获得势力声望为基本值的1.5倍,1.5,
7014,22,工匠能吏,技术获得势力声望为基本值的1.5倍,1.5,
7015,23,治安能吏,统治获得势力声望为基本值的1.5倍,1.5,
7016,24,安民能吏,民心获得势力声望为基本值的1.5倍,1.5,
7017,25,城防能吏,耐久获得势力声望为基本值的1.5倍,1.5,
7018,20,农桑能吏,农业获得势力声望为基本值的2倍,2,
7019,21,商贾能吏,商业获得势力声望为基本值的2倍,2,
7020,22,工匠能吏,技术获得势力声望为基本值的2倍,2,
7021,23,治安能吏,统治获得势力声望为基本值的2倍,2,
7022,24,安民能吏,民心获得势力声望为基本值的2倍,2,
7023,25,城防能吏,耐久获得势力声望为基本值的2倍,2,
7024,20,农桑能吏,农业获得势力声望为基本值的2.5倍,2.5,
7025,21,商贾能吏,商业获得势力声望为基本值的2.5倍,2.5,
7026,22,工匠能吏,技术获得势力声望为基本值的2.5倍,2.5,
7027,23,治安能吏,统治获得势力声望为基本值的2.5倍,2.5,
7028,24,安民能吏,民心获得势力声望为基本值的2.5倍,2.5,
7029,25,城防能吏,耐久获得势力声望为基本值的2.5倍,2.5,
7030,40,政客,内政获得技巧点数为基本值的1.2倍,1.2,
7031,41,策士,策略获得技巧点数为基本值的1.2倍,1.2,
7032,42,战将,战斗获得技巧点数为基本值的1.2倍,1.2,
7033,43,谋士,计略获得技巧点数为基本值的1.2倍,1.2,
7034,40,政客,内政获得技巧点数为基本值的1.5倍,1.5,
7035,41,策士,策略获得技巧点数为基本值的1.5倍,1.5,
7036,42,战将,战斗获得技巧点数为基本值的1.5倍,1.5,
7037,43,谋士,计略获得技巧点数为基本值的1.5倍,1.5,
7038,40,政客,内政获得技巧点数为基本值的二倍,2,
7039,41,策士,策略获得技巧点数为基本值的二倍,2,
7040,42,战将,战斗获得技巧点数为基本值的二倍,2,
7041,43,谋士,计略获得技巧点数为基本值的二倍,2,
7042,40,政客,内政获得技巧点数为基本值的2.5倍,2.5,
7043,41,策士,策略获得技巧点数为基本值的2.5倍,2.5,
7044,42,战将,战斗获得技巧点数为基本值的2.5倍,2.5,
7045,43,谋士,计略获得技巧点数为基本值的2.5倍,2.5,
7046,60,农桑能臣,农业技巧点数为基本值的1.2倍,1.2,
7047,61,商贾能臣,商业技巧点数为基本值的1.2倍,1.2,
7048,62,工匠能臣,技术技巧点数为基本值的1.2倍,1.2,
7049,63,治安能臣,统治技巧点数为基本值的1.2倍,1.2,
7050,64,安民能臣,民心技巧点数为基本值的1.2倍,1.2,
7051,65,城防能臣,耐久技巧点数为基本值的1.2倍,1.2,
7052,60,农桑能臣,农业技巧点数为基本值的1.5倍,1.5,
7053,61,商贾能臣,商业技巧点数为基本值的1.5倍,1.5,
7054,62,工匠能臣,技术技巧点数为基本值的1.5倍,1.5,
7055,63,治安能臣,统治技巧点数为基本值的1.5倍,1.5,
7056,64,安民能臣,民心技巧点数为基本值的1.5倍,1.5,
7057,65,城防能臣,耐久技巧点数为基本值的1.5倍,1.5,
7058,60,农桑能臣,农业技巧点数为基本值的2倍,2,
7059,61,商贾能臣,商业技巧点数为基本值的2倍,2,
7060,62,工匠能臣,技术技巧点数为基本值的2倍,2,
7061,63,治安能臣,统治技巧点数为基本值的2倍,2,
7062,64,安民能臣,民心技巧点数为基本值的2倍,2,
7063,65,城防能臣,耐久技巧点数为基本值的2倍,2,
7064,60,农桑能臣,农业技巧点数为基本值的2.5倍,2.5,
7065,61,商贾能臣,商业技巧点数为基本值的2.5倍,2.5,
7066,62,工匠能臣,技术技巧点数为基本值的2.5倍,2.5,
7067,63,治安能臣,统治技巧点数为基本值的2.5倍,2.5,
7068,64,安民能臣,民心技巧点数为基本值的2.5倍,2.5,
7069,65,城防能臣,耐久技巧点数为基本值的2.5倍,2.5,
7070,90,练兵能将,训练能力加成10%,0.1,
7071,91,募兵能将,补充能力加成10%,0.1,
7072,90,练兵能将,训练能力加成30%,0.3,
7073,91,募兵能将,补充能力加成30%,0.3,
7074,90,练兵能将,训练能力加成70%,0.7,
7075,91,募兵能将,补充能力加成70%,0.7,
7076,90,练兵能将,训练能力加成90%,0.9,
7077,91,募兵能将,补充能力加成90%,0.9,
7078,250,快速行军,所在部队行动力加成2%,1.02,
7079,251,全速前进,所在部队行动力增加2,2,
7080,250,快速行军,所在部队行动力加成5%,1.05,
7081,251,全速前进,所在部队行动力增加5,5,
7082,250,快速行军,所在部队行动力加成10%,1.1,
7083,250,快速行军,所在部队行动力加成15%,1.15,
7084,251,全速前进,所在部队行动力增加15,15,
7085,350,坚阵,受暴击伤害减少2%,0.98,
7086,350,坚阵,受暴击伤害减少5%,0.95,
7087,350,坚阵,受暴击伤害减少10%,0.9,
7088,350,坚阵,受暴击伤害减少15%,0.85,
7089,350,坚阵,受暴击伤害减少20%,0.8,
7090,351,致命,暴击时，敌军伤兵概率为90%,0.9,
7091,351,致命,暴击时，敌军伤兵概率为70%,0.7,
7092,351,致命,暴击时，敌军伤兵概率为50%,0.5,
7093,351,致命,暴击时，敌军伤兵概率为30%,0.3,
7094,351,致命,暴击时，敌军伤兵概率为10%,0.1,
7095,353,粉碎,暴击对建筑造成伤害加成10%,1.1,
7096,353,粉碎,暴击对建筑造成伤害加成30%,1.3,
7097,353,粉碎,暴击对建筑造成伤害加成70%,1.7,
7098,353,粉碎,暴击对建筑造成伤害加成90%,1.9,
7099,382,火矢,有5%几率使敌军遭受火焰伤害,5,
7100,382,火矢,有10%几率使敌军遭受火焰伤害,10,
7101,382,火矢,有15%几率使敌军遭受火焰伤害,15,
7102,382,火矢,有25%几率使敌军遭受火焰伤害,25,
7103,400,基础格斗术,暴击率提高2%,0.02,
7104,405,基础格斗术,防暴击率提高2%,0.02,
7105,410,基础格斗术,部队攻击力提高2%,0.02,
7106,420,基础格斗术,部队防御力提高2%,0.02,
7107,430,百炼精兵,所在部队经验值获得增加20%,1.2,
7108,431,同甘共苦,获得士兵信任度增加20%,1.2,
7109,430,百炼精兵,所在部队经验值获得增加40%,1.4,
7110,431,同甘共苦,获得士兵信任度增加40%,1.4,
7111,430,百炼精兵,所在部队经验值获得增加60%,1.6,
7112,431,同甘共苦,获得士兵信任度增加60%,1.6,
7113,430,百炼精兵,所在部队经验值获得增加80%,1.8,
7114,431,同甘共苦,获得士兵信任度增加80%,1.8,
7115,450,攻心加强,所在部队执行“攻心”成功时，效果增加10%,1.1,
7116,450,攻心加强,所在部队执行“攻心”成功时，效果增加20%,1.2,
7117,450,攻心加强,所在部队执行“攻心”成功时，效果增加70%,1.7,
7118,451,惊营加强,所在部队执行“扰乱”成功时，混乱时间增加2天,2,
7119,452,侦查加强,所在部队执行“侦查”时，范围加2,2,
7120,452,侦查加强,所在部队执行“侦查”时，范围加3,3,
7121,454,火攻加强,所在部队执行“火攻”的伤害增加10%,1.1,
7122,454,火攻加强,所在部队执行“火攻”的伤害增20%,1.2,
7123,454,火攻加强,所在部队执行“火攻”的伤害增加30%,1.3,
7124,454,火攻加强,所在部队执行“火攻”的伤害增加50%,1.4,
7125,455,防火,所在部队受到的火系伤害减少10%,0.1,
7126,455,防火,所在部队受到的火系伤害减少20%,0.2,
7127,455,防火,所在部队受到的火系伤害减少30%,0.3,
7128,455,防火,所在部队受到的火系伤害减少40%,0.4,
7129,456,鼓舞加强,所在部队执行“鼓舞”成功时，效果增加10%,1.1,
7130,456,鼓舞加强,所在部队执行“鼓舞”成功时，效果增加20%,1.2,
7131,456,鼓舞加强,所在部队执行“鼓舞”成功时，效果增加30%,1.3,
7132,456,鼓舞加强,所在部队执行“鼓舞”成功时，效果增加40%,1.4,
7133,460,情报加强,执行“情报”时，范围加2,2,
7134,460,情报加强,执行“情报”时，范围加3,3,
7135,461,劫牢加强,劫牢能力增加20%,0.2,
7136,461,校尉司,劫牢能力增加40%,0.4,
7137,462,破坏加强,破坏能力增加20%,0.2,
7138,462,崩城校尉,破坏能力增加40%,0.4,
7139,463,蛊惑校尉,煽动能力增加20%,0.2,
7140,463,煽动加强,煽动能力增加40%,0.4,
7141,464,蜚语校尉,流言能力增加20%,0.2,
7142,464,流言加强,流言能力增加40%,0.4,
7143,465,搜索加强,搜索能力增加20%,0.2,
7144,465,别驾从事,搜索能力增加40%,0.4,
7145,466,纵横校尉,说服能力增加20%,0.2,
7146,466,说服加强,说服能力增加40%,0.4,
7147,461,劫牢加强,劫牢能力增加60%,0.6,
7148,461,校尉司,劫牢能力增加80%,0.8,
7149,462,破坏加强,破坏能力增加60%,0.6,
7150,462,崩城校尉,破坏能力增加80%,0.8,
7151,463,蛊惑校尉,煽动能力增加60%,0.6,
7152,463,煽动加强,煽动能力增加80%,0.8,
7153,464,蜚语校尉,流言能力增加60%,0.6,
7154,464,流言加强,流言能力增加80%,0.8,
7155,465,搜索加强,搜索能力增60%,0.6,
7156,465,别驾从事,搜索能力增加80%,0.8,
7157,466,纵横校尉,说服能力增加60%,0.6,
7158,466,说服加强,说服能力增加80%,0.8,
7159,461,劫牢加强,劫牢能力增加100%,1,
7160,462,崩城校尉,破坏能力增加100%,1,
7161,463,蛊惑校尉,煽动能力增加100%,1,
7162,464,流言加强,流言能力增加100%,1,
7163,465,搜索加强,搜索能力增100%,1,
7164,466,说服加强,说服能力增加100%,1,
7165,520,风驰电掣,主动攻击使敌方战意减少2,2,
7166,540,儒将,击破部队后战意增加5,5,
7167,550,骁将,暴击致敌混乱几率增加5%,5,
7168,560,秘计,计略成功致敌混乱几率增加5%,5,
7169,560,献计,计略成功致敌混乱几率增加15%,15,
7170,573,智囊,计略范围加2,2,
7171,604,善战,战法的战意消耗减少1,1,
7172,605,献计,计略的战意消耗减少1,1,
7173,604,善战,战法的战意消耗减少2,2,
7174,605,献计,计略的战意消耗减少2,2,
7175,604,善战,战法的战意消耗减少3,3,
7176,605,献计,计略的战意消耗减少3,3,
7177,604,善战,战法的战意消耗减少4,4,
7178,605,献计,计略的战意消耗减少4,4,
7179,607,守城,部队守城时防御力1.2,1.2,
7180,607,守城,部队守城时防御力1.5,1.5,
7181,607,守城,部队守城时防御力1.7,1.7,
7182,607,守城,部队守城时防御力2.5,2.5,
7183,608,酣战,所在部队在战斗中的缺粮状态每天士气下降一成,0.1,
7184,608,酣战,所在部队在战斗中的缺粮状态每天士气下降两成,0.2,
7185,608,酣战,所在部队在战斗中的缺粮状态每天士气下降三成,0.3,
7186,608,酣战,所在部队在战斗中的缺粮状态每天士气下降四成,0.4,
7187,615,便携干粮,所在部队口粮天数增加2天,2,
7188,620,汉武之风,所在部队每天战意增长2,2,
7189,650,神兵,视野范围内友军暴击几率增加2%,2,
7190,655,将旗,视野范围内友军被暴击几率减少2%,2,
7191,650,神兵,视野范围内友军暴击几率增加7%,7,
7192,655,将旗,视野范围内友军被暴击几率减少7%,7,
7193,660,军神部队,视野范围内友军战意每天增加1,1,
7194,665,杀意凌然,视野范围内非友军战意每天减少1,1,
7195,660,军神部队,视野范围内友军战意每天增加7,7,
7196,665,杀意凌然,视野范围内非友军战意每天减少7,7,
7197,660,军神部队,视野范围内友军战意每天增加9,9,
7198,665,杀意凌然,视野范围内非友军战意每天减少9,9,
7199,670,算无遗策,视野范围内友军计略成功率增加2%,2,
7200,675,洞悉,视野范围内友军中计几率减少2%,2,
7201,670,算无遗策,视野范围内友军计略成功率增加7%,7,
7202,675,洞悉,视野范围内友军中计几率减少7%,7,
7203,685,万人敌,视野范围内非友军攻击力减少2%,0.02,
7204,690,鬼神之勇,视野范围内友军防御力增加2%,0.02,
7205,685,万人敌,视野范围内非友军攻击力减少7%,0.07,
7206,690,鬼神之勇,视野范围内友军防御力增加7%,0.07,
7207,695,猛锐冠世,视野范围内非友军防御力减少2%,0.02,
7208,695,猛锐冠世,视野范围内非友军防御力减少7%,0.07,
7209,680,枭雄,视野范围内友军攻击力增加2%,0.02,
7210,680,枭雄,视野范围内友军攻击力增加7%,0.07,
7211,700,协作阵型,避免被围攻几率增加5%,5,
7212,710,人海战术,围攻致乱率增加40%,40,
7213,3020,建筑每月获得资金加成10%,建筑每月获得资金加成5%,0.05,
7214,3030,建筑每月获得粮草加成40%,建筑每月获得粮草加成5%,0.05,
7215,3040,建筑内人物工作效率提高,建筑内人物工作效率提高5%,0.05,
7216,3040,建筑内人物工作效率提高,建筑内人物工作效率提高40%,0.4,
7217,3110,建筑内新补充的士兵有75点士气,建筑内新补充的士兵有50点士气,50,
7218,3120,建筑内新补充的士兵有75点战意,建筑内新补充的士兵有10点战意,10,
7219,3110,建筑内新补充的士兵有75点士气,建筑内新补充的士兵有60点士气,60,
7220,3120,建筑内新补充的士兵有75点战意,建筑内新补充的士兵有20点战意,20,
7221,3110,建筑内新补充的士兵有75点士气,建筑内新补充的士兵有70点士气,70,
7222,3120,建筑内新补充的士兵有75点战意,建筑内新补充的士兵有30点战意,30,
7223,3110,建筑内新补充的士兵有75点士气,建筑内新补充的士兵有80点士气,80,
7224,3120,建筑内新补充的士兵有75点战意,建筑内新补充的士兵有40点战意,40,
7225,3110,建筑内新补充的士兵有75点士气,建筑内新补充的士兵有90点士气,90,
7226,3120,建筑内新补充的士兵有75点战意,建筑内新补充的士兵有50点战意,50,
7227,3200,农业每天增加3点,农业每天增加3点,3,
7228,3210,商业每天增加3点,商业每天增加3点,3,
7229,3220,技术每天增加3点,技术每天增加3点,3,
7230,3230,统治每天增加3点,统治每天增加3点,3,
7231,3240,民心每天增加3点,民心每天增加3点,3,
7232,3250,耐久每天增加3点,耐久每天增加3点,3,
7233,5050,狂击,攻击时有1%几率造成双倍伤害,1,
7234,5055,杀神,攻击时有1%几率造成三倍伤害,1,
7235,5050,狂击,攻击时有5%几率造成双倍伤害,5,
7236,5055,杀神,攻击时有5%几率造成三倍伤害,5,
7237,5050,狂击,攻击时有7%几率造成双倍伤害,7,
7238,5055,杀神,攻击时有7%几率造成三倍伤害,7,
7239,5050,狂击,攻击时有9%几率造成双倍伤害,9,
7240,5055,杀神,攻击时有9%几率造成三倍伤害,9,
7241,5060,安如磐石,被攻击时有5%几率伤害减半,5,
7242,5060,不动如山,被攻击时有15%几率伤害减半,15,
7243,5060,安如磐石,被攻击时有17%几率伤害减半,17,
7244,5080,纪律规范,有1%几率抵抗攻击,1,
7245,5080,军纪严明,有5%几率抵抗攻击,5,
7246,5090,令行禁止,有5%几率抵抗弓箭攻击,5,
7247,5090,处变不惊,有15%几率抵抗弓箭攻击,15,
7248,5100,杀意凌然,攻击有1%几率造成敌军混乱,1,
7249,5100,恶魔天降,攻击有7%几率造成敌军混乱,7,
7250,5110,名马,部队被击破时有额外的5%几率不被俘虏,5,
7251,5110,名马,部队被击破时有额外的10%几率不被俘虏,10,
7252,5080,纪律规范,有7%几率抵抗攻击,7,
7253,5080,军纪严明,有9%几率抵抗攻击,9,
7254,5090,令行禁止,有17%几率抵抗弓箭攻击,17,
7255,5100,恶魔天降,攻击有9%几率造成敌军混乱,9,
7256,5110,名马,部队被击破时有额外的15%几率不被俘虏,15,
7257,5110,名马,部队被击破时有额外的17%几率不被俘虏,17,
7258,5110,名马,部队被击破时有额外的20%几率不被俘虏,20,
7259,6050,自身经验获得增加40%,自身经验获得增加5%,0.05,
7260,6060,所在部队武将经验获得增加10%,所在部队武将经验获得增加5%,0.05,
7261,6100,击破部队时增加捕获机率40%,击破部队时增加捕获机率5%,5,
7262,6110,公布律法,增加城池捕获机率5%,5,
7263,6120,降低城池俘虏逃跑机率20%,降低城池俘虏逃跑机率5%,5,
7264,6130,自身被俘时增加逃跑机率10%,自身被俘时增加逃跑机率5%,5,
7265,6140,所在城池忠诚不多于99的俘虏忠诚每天下降3,所在城池忠诚不多于99的俘虏忠诚每天下降3,99,3
7266,6300,怀孕机率增加10%,怀孕机率增加5%,5,
7267,6310,诞下子女能力增加10,诞下子女能力增加7,7,
7268,6320,诞下子女有额外20%机率取得技能,诞下子女有额外2%机率取得技能,2,
7269,6330,诞下子女有额外15%机率取得特技,诞下子女有额外2%机率取得特技,2,
7270,6350,有50%机率诞下胞胎，每次最多2个,有1%机率诞下胞胎，每次最多2个,1,2
7271,6350,有50%机率诞下胞胎，每次最多2个,有5%机率诞下胞胎，每次最多2个,5,2
7272,6350,有50%机率诞下胞胎，每次最多2个,有7%机率诞下胞胎，每次最多3个,7,3
7273,6350,有50%机率诞下胞胎，每次最多2个,有9%机率诞下胞胎，每次最多3个,9,3
7274,6350,有50%机率诞下胞胎，每次最多2个,有10%机率诞下胞胎，每次最多3个,10,3
7275,6500,击破部队时有40%机率夺取敌方宝物,击破部队时有5%机率夺取敌方宝物,5,
7276,6500,击破部队时有30%机率夺取敌方宝物,击破部队时有7%机率夺取敌方宝物,7,
7277,6500,击破部队时有20%机率夺取敌方宝物,击破部队时有15%机率夺取敌方宝物,15,
7278,6595,攻击时可夺得敌军200000粮草,攻击时可夺得敌军1000粮草,1000,
7279,6595,攻击时可夺得敌军150000粮草,攻击时可夺得敌军2000粮草,2000,
7280,6595,攻击时可夺得敌军100000粮草,攻击时可夺得敌军3000粮草,3000,
7281,6595,攻击时可夺得敌军50000粮草,攻击时可夺得敌军7000粮草,7000,
7282,6600,开发技术所需声望减少10%,开发技术所需声望减少5%,0.05,
7283,6610,开发技术所需技巧点减少20%,开发技术所需技巧点减少5%,0.05,
7284,6620,开发技术所需时间减少30%,开发技术所需时间减少5%,0.05,
7285,6630,开发技术所需资金减少40%,开发技术所需资金减少5%,0.05,
7286,0,熟悉农桑,农业能力增加50,50,
7287,1,熟悉商贾,商业能力增加50,50,
7288,2,熟悉工匠,技术能力增加50,50,
7289,3,熟悉治安,统治能力增加50,50,
7290,4,熟悉安民,民心能力增加50,50,
7291,5,熟悉城防,耐久能力增加50,50,
7292,0,熟悉农桑,农业能力增加150,150,
7293,1,熟悉商贾,商业能力增加150,150,
7294,2,熟悉工匠,技术能力增加150,150,
7295,3,熟悉治安,统治能力增加150,150,
7296,4,熟悉安民,民心能力增加150,150,
7297,5,熟悉城防,耐久能力增加150,150,
7298,10,指导农桑,农业能力加成30%,0.3,
7299,11,指导商贾,商业能力加成30%,0.3,
7300,12,指导工匠,技术能力加成30%,0.3,
7301,13,指导治安,统治能力加成30%,0.3,
7302,14,指导安民,民心能力加成30%,0.3,
7303,15,指导城防,耐久能力加成30%,0.3,
7304,0,熟悉农桑,农业能力增加200,200,
7305,1,熟悉商贾,商业能力增加200,200,
7306,2,熟悉工匠,技术能力增加200,200,
7307,3,熟悉治安,统治能力增加200,200,
7308,4,熟悉安民,民心能力增加200,200,
7309,5,熟悉城防,耐久能力增加200,200,
7310,10,指导农桑,农业能力加成70%,0.7,
7311,11,指导商贾,商业能力加成70%,0.7,
7312,12,指导工匠,技术能力加成70%,0.7,
7313,13,指导治安,统治能力加成70%,0.7,
7314,14,指导安民,民心能力加成70%,0.7,
7315,15,指导城防,耐久能力加成70%,0.7,
8000,320,“雁行”战法,可施行“雁行”战法,36,
8001,381,忽略敌方超出2000的防御力,忽略敌方超出2000的防御力,2000,
8002,320,“撒星”战法,可施行“撒星”战法,37,
8003,430,精兵,所在部队经验值获得增加50%,1.5,
8011,400,霸王,暴击几率增加100%,100,
8012,400,霸王,暴击几率增加60%,60,
8021,550,盾击,暴击致敌混乱几率增加100%,100,
8022,550,盾击,暴击致敌混乱几率增加50%,50,
8031,382,火矢,有100%几率使敌军遭受火焰伤害,100,
8041,384,散射,对攻击目标周围相邻的所有部队造成伤害,3,
8042,384,散射,对攻击目标周围相邻的所有部队造成伤害,5,
8051,410,绝世武功,部队攻击力提高200%,2,
8052,410,绝世武功,部队攻击力提高80%,0.8,
8061,420,配备双层重甲,部队防御力提高200%,2,
8062,420,配备双层重甲,部队防御力提高50%,0.5,
8063,420,配备双层重甲,部队防御力提高80%,0.8,
8071,360,万人敌,暴击使敌方士气减少20,20,
8072,360,万人敌,暴击使敌方士气减少10,10,
8081,381,破甲,忽略敌方超出1800的防御力,1800,
8091,415,恶来,部队攻击力降低60%,0.6,
8101,353,粉碎,暴击对建筑造成伤害加成100%,2,
8540,320,“怒喝”战法,可施行“怒喝”战法,40,
8541,320,“拖刀”战法,可施行“拖刀”战法,41,
8542,320,“义勇”战法,可施行“义勇”战法,42,
8543,320,“炎枪”战法,可施行“炎枪”战法,43,
8544,320,“猛撞”战法,可施行“猛撞”战法,44,
8545,320,“龙漩”战法,可施行“龙漩”战法,45,
8546,320,“破军”战法,可施行“破军”战法,46,
8547,320,“神威”战法,可施行“神威”战法,47,
8548,320,“八卦”战法,可施行“八卦”战法,48,
8549,320,“雷龙”战法,可施行“雷龙”战法,49,
8550,320,“鬼火”战法,可施行“鬼火”战法,50,
8551,320,“锐进”战法,可施行“锐进”战法,51,
8552,320,“穿云”战法,可施行“穿云”战法,52,
8553,320,“先登”战法,可施行“先登”战法,53,
8554,320,“骁武”战法,可施行“骁武”战法,54,
8555,320,“劫营”战法,可施行“劫营”战法,55,
8556,320,“火神”战法,可施行“火神”战法,56,
8557,320,“方阵”战法,可施行“方阵”战法,57,
8558,320,“勇武”战法,可施行“勇武”战法,58,
8559,320,“魏武”战法,可施行“魏武”战法,59,
8560,320,“死守”战法,可施行“死守”战法,60,
8561,320,“驰突”战法,可施行“驰突”战法,61,
8562,320,“游击”战法,可施行“游击”战法,62,
8563,320,“八阵”战法,可施行“八阵”战法,63,
8564,320,“鬼谋”战法,可施行“鬼谋”战法,64,
8565,320,“驱虎”战法,可施行“驱虎”战法,65,
8566,320,“异心”战法,可施行“异心”战法,66,
8567,320,“完杀”战法,可施行“完杀”战法,67,
8568,320,“裸衣”战法,可施行“裸衣”战法,68,
8569,320,“狼顾”战法,可施行“狼顾”战法,69,
8570,320,“血战”战法,可施行“血战”战法,70,
8571,320,“陵蹈”战法,可施行“陵蹈”战法,71,
8585,320,“雷鸣”战法,可施行“雷鸣”战法,85,
8586,320,“地裂”战法,可施行“地裂”战法,86,
8587,320,“破门”战法,可施行“破门”战法,87,
8588,320,“箭岚”战法,可施行“箭岚”战法,88,
8589,320,“投石”战法,可施行“投石”战法,89,
8590,320,“霹雳”战法,可施行“霹雳”战法,90,
8591,320,“箭矢”战法,可施行“箭矢”战法,91,
8592,320,“冲击”战法,可施行“冲击”战法,92,
9000,3130,建筑内伤兵恢复速度三倍,建筑内伤兵恢复速度增加2倍,3,
9001,1005,礼仪周全,民心上限增加50,50,
9002,1020,平原地貌,设施空间增加6个基本单位,6,
9003,1004,行政中心,统治上限增加10,10,
9004,1004,行政中心,统治上限增加5,5,
10300,300,青州兵有效,青州兵有效（本条以下）,210,
10301,300,解烦兵有效,解烦兵有效（本条以下）,205,
10302,300,藤甲兵有效,藤甲兵有效（本条以下）,211,
10303,300,元戎弩兵有效,元戎弩兵有效（本条以下）,301,
10304,300,武卫虎士兵有效,武卫虎士有效（本条以下）,202,
10305,300,大戟士有效,大戟士有效（本条以下）,204,
10306,300,霹雳车有效,霹雳车有效（本条以下）,501,
10309,300,羽林郎有效,羽林郎有效（本条以下）,403,
10310,300,无当飞军有效,无当飞军有效（本条以下）,302,
10311,300,弓腰侍有效,弓腰侍有效（本条以下）,303,
10312,300,机关木人有效,机关木人有效（本条以下）,502,
12011,2010,弩兵战法攻击力提升,弩兵使用战法时攻击力提高20%,1,0.2
12020,2020,步兵战法暴击几率提升,步兵使用战法时暴击几率提高20%,0,20
12022,2020,骑兵战法暴击几率提升20%,骑兵使用战法时暴击几率提高20%,2,20
12330,2330,部队被暴击几率减少10%,部队被暴击几率减少10%,10,
12350,2350,部队被攻击时战意增加,部队被攻击时战意增加(队长勇猛度的十分之七),0.7,
12600,450,占据大义,所在部队执行“攻心”成功时，效果增加30%,1.3,
12636,620,汉武之风,所在部队每天战意增长10,10,
12639,550,突骑分队,暴击致敌混乱几率增加20%,20,
12653,1000,农业规范,农业上限增加500,500,
12654,1001,海上贸易,商业上限增加500,500,
12655,1002,主薄司,技术上限增加500,500,
12660,1005,御史府,民心上限增加500,500,
12661,3030,水利耕作,建筑每月获得粮草加成50%,0.5,
12666,3040,宰相府,建筑内人物工作效率提高50%,0.5,
12672,6460,预备兵役,增加兵役人口比例上限15%,0.15,
12673,3260,黄天当立,人口增长率增加万分之2,0.0002,
12732,2530,骑兵速度加成25%,骑兵速度加成25%,2,0.25
13023,3020,建筑每月获得资金加成80%,建筑每月获得资金加成80%,0.8,
13033,3030,建筑每月获得粮草加成80%,建筑每月获得粮草加成80%,0.8,
13060,3060,建筑高级视野范围内友军每天战意增加,【战意】每天+10,10,
16350,6350,有50%机率诞下胞胎，每次最多2个,有50%机率诞下胞胎，每次最多2个,50,2
16351,6350,有10%机率诞下胞胎，每次最多3个,有10%机率诞下胞胎，每次最多3个,10,3
16945,6945,计略成功时夺得敌军20000粮草,计略成功时夺得敌军20000粮草,20000,
16946,6925,计略成功时敌方士兵减少50,计略成功时敌方士兵减少50,50,
18120,1120,幽州弓骑兵屯兵所,【编队】幽州弓骑,120,
18121,1120,并州精骑兵屯兵所,【编队】并州精骑,121,
18122,1120,西凉重骑兵屯兵所,【编队】西凉重骑,122,
18123,1120,冀州重戟兵屯兵所,【编队】冀州重戟,102,
18124,1120,中原重步兵屯兵所,【编队】中原重步,101,
18125,1120,交州义士屯兵所,【编队】交州义士,103,
18126,1120,益州精弩兵屯兵所,【编队】益州精弩,110,
18127,1120,横江射手兵屯兵所,【编队】横江射手,111,
18128,1120,幽州突骑屯兵所,【编队】幽州突骑,404,
18129,1120,走舸屯兵所,【编队】走舸,22,
18130,1120,艨艟屯兵所,【编队】艨艟,23,
18131,1120,楼船屯兵所,【编队】楼船,24,
18132,1120,斗舰屯兵所,【编队】斗舰,25,
18133,1120,鲜卑骑兵屯兵所,【编队】鲜卑骑兵,152,
18134,1120,匈奴骑兵屯兵所,【编队】匈奴骑兵,154,
18135,1120,羌族步兵屯兵所,【编队】羌族步兵,155,
18136,1120,羌族骑兵屯兵所,【编队】羌族骑兵,156,
18137,1120,山越步兵屯兵所,【编队】山越步兵,157,
18138,1120,山越弓兵屯兵所,【编队】山越弓兵,158,
18139,1120,南蛮步兵屯兵所,【编队】南蛮步兵,159,
18140,1120,乌丸骑兵屯兵所,【编队】乌丸骑兵,151,
18141,1120,鲜卑弓手屯兵所,【编队】鲜卑弓手,153,
18142,1120,轻步兵屯兵所,【编队】步兵,0,
18143,1120,长戟兵屯兵所,【编队】弓手,1,
18144,1120,弩兵屯兵所,【编队】骑兵,2,
18381,381,忽略敌方超出800的防御力,忽略敌方超出800的防御力,800,
18570,6570,攻击时能夺取敌方伤害2%的士兵,攻击时能夺取敌方伤害2%的士兵,0.02,
18575,6575,攻击时能夺取敌方伤害2%的伤兵,攻击时能夺取敌方伤害2%的伤兵,0.02,
19650,650,强兵,视野范围内友军暴击几率增加5%,5,
19660,660,模范部队,视野范围内友军战意每天增加3,3,
19680,680,枭雄,视野范围内友军攻击力增加3%,0.03,
19690,690,名将,视野范围内友军防御力增加3%,0.03,
19695,695,猛锐冠世,视野范围内非友军防御力减少3%,0.03,
30000,320,“驰射”战法,可施行“驰射”战法,100,
30001,320,“齐射”战法,可施行“齐射”战法,101,
30002,320,“飞射”战法,可施行“飞射”战法,102,
30003,320,“流火”战法,可施行“流火”战法,103,
30004,320,“连弩”战法,可施行“连弩”战法,104,
30005,320,“连击”战法,可施行“连击”战法,105,
30006,320,“钩行”战法,可施行“钩行”战法,106,
30007,320,“突刺”战法,可施行“突刺”战法,107,
30008,320,“刺杀”战法,可施行“刺杀”战法,108,
30012,320,“劫掠”战法,可施行“劫掠”战法,112,
30014,320,“破围”战法,可施行“破围”战法,114,
30015,2330,部队被暴击几率减少5%,部队被暴击几率减少5%,5,
30030,1120,守城弩车屯兵所,【编队】守城弩车,504,
30031,1120,羌族铁车屯兵所,【编队】羌族铁车,503,
30032,1120,湟中义从屯兵所,【编队】湟中义从,406,
31050,1050,人口大型聚集地,【人口】+100%上限,1,
31051,1050,人口大型聚集地,【人口】+200%上限,2,
31052,1050,人口大型聚集地,【人口】+300%上限,3,
31053,1050,人口大型聚集地,【人口】+400%上限,4,
31054,1050,人口大型聚集地,【人口】+600%上限,6,
31055,1050,人口大型聚集地,【人口】+700%上限,7,
31056,1050,人口大型聚集地,【人口】+800%上限,8,
31057,1050,人口大型聚集地,【人口】+16%上限,0.16,
31060,300,湟中义从有效,湟中义从有效（本条以下）,406,
31061,300,象兵有效,象兵有效（本条以下）,150,
31062,300,乌丸骑兵有效,乌丸骑兵有效（本条以下）,151,
31063,300,鲜卑骑兵有效,鲜卑骑兵有效（本条以下）,152,
31064,300,鲜卑弓手有效,鲜卑弓手有效（本条以下）,153,
31065,300,匈奴骑兵有效,匈奴骑兵有效（本条以下）,154,
31066,300,羌族步兵有效,羌族步兵有效（本条以下）,155,
31067,300,羌族骑兵有效,羌族骑兵有效（本条以下）,156,
31068,300,山越步兵有效,山越步兵有效（本条以下）,157,
31069,300,山越弓兵有效,山越弓兵有效（本条以下）,158,
31070,300,南蛮步兵有效,南蛮步兵有效（本条以下）,159,
31071,300,高句丽骑兵有效,高句丽骑兵有效（本条以下）,160,
31072,300,扶余步兵有效,扶余步兵有效（本条以下）,161,
31073,300,鬼卒有效,鬼卒有效（本条以下）,206,
31074,300,白波军有效,白波军有效（本条以下）,212,
31075,300,泰山贼有效,泰山贼有效（本条以下）,213,
31076,300,长矛兵有效,长矛兵有效（本条以下）,214,
31077,300,东州兵有效,东州兵有效（本条以下）,215,
31078,300,战象有效,战象有效（本条以下）,407,
31079,300,黑山铁骑有效,黑山铁骑有效（本条以下）,408,
31080,300,羌族铁车有效,羌族铁车有效（本条以下）,503,
31081,300,大斧兵有效,大斧兵有效（本条以下）,207,
31082,300,扬州丹阳有效,扬州丹阳有效（本条以下）,100,
