ID,AITAG,頭像序號,姓,名,字,狀態,位置類,位置,正移動日數,統率,武勇,智謀,政治,魅力,內政工作
0,,8127,阿會,喃,,unavailable,-1,-1,0,65,74,26,33,44,none
1,,506,韋,昭,弘嗣,unavailable,-1,-1,0,16,19,65,73,70,none
2,,8031,伊,籍,機伯,normal,1,9,0,29,24,80,86,84,none
3,,8300,尹,賞,,unavailable,-1,-1,0,51,44,61,66,53,none
4,,302,尹,大目,,unavailable,-1,-1,0,4,9,33,51,48,none
5,,8243,尹,默,思潛,unavailable,-1,-1,0,11,15,65,77,62,none
6,,8076,于,禁,文則,normal,1,211,0,89,87,70,57,53,none
7,,212,于,詮,,unavailable,-1,-1,0,64,76,40,39,67,none
8,,8598,衛,瓘,伯玉,unavailable,-1,-1,0,69,46,79,78,28,none
9,,489,袁,遺,伯業,unavailable,-1,-1,0,56,40,73,76,70,none
10,,8169,袁,胤,,normal,1,23,0,17,14,39,41,46,none
11,,303,閻,宇,文平,unavailable,-1,-1,0,52,61,58,59,20,none
12,,787,袁,渙,曜卿,unavailable,-1,-1,0,30,17,72,83,83,none
13,,8033,袁,熙,顯奕,normal,1,136,0,66,51,63,65,64,none
14,,8686,閻,行,彥明,normal,1,113,0,72,84,61,58,69,none
15,,8491,閻,柔,,normal,1,160,0,71,57,70,73,78,none
16,,8032,袁,術,公路,normal,1,23,0,44,65,61,16,39,none
17,,8034,袁,尚,顯甫,normal,1,136,0,63,71,42,38,72,none
18,,8005,袁,紹,本初,normal,1,136,0,81,69,70,73,90,none
19,,8518,閻,象,,normal,1,23,0,30,27,70,74,51,none
20,,8035,袁,譚,顯思,normal,1,136,0,60,69,30,35,59,none
21,,8170,閻,圃,,normal,1,100,0,29,25,82,79,70,none
22,,490,袁,耀,,normal,1,23,0,41,50,41,51,53,none
23,,8460,王,威,,normal,1,9,0,60,70,59,52,66,none
24,,8777,王,異,,unavailable,-1,-1,0,58,26,82,68,73,none
25,,8171,王,允,子師,unavailable,-1,-1,0,26,6,67,80,76,none
26,,205,王,基,伯輿,unavailable,-1,-1,0,77,78,76,75,75,none
27,,9241,王,頎,孔碩,unavailable,-1,-1,0,69,67,61,70,68,none
28,,520,王,匡,公節,unavailable,-1,-1,0,65,55,61,70,80,none
29,,129,王,業,,unavailable,-1,-1,0,33,6,35,66,49,none
30,,304,王,經,彥緯,unavailable,-1,-1,0,67,63,66,75,76,none
31,,8304,王,伉,,unavailable,-1,-1,0,76,60,61,62,65,none
32,,306,王,渾,玄沖,unavailable,-1,-1,0,76,76,72,74,69,none
33,,8151,王,粲,仲宣,normal,1,9,0,6,3,79,80,56,none
34,,8306,王,修,叔治,normal,1,29,0,54,27,76,78,63,none
35,,308,王,戎,浚沖,unavailable,-1,-1,0,57,36,72,55,49,none
36,,8600,王,肅,子雍,unavailable,-1,-1,0,36,22,75,78,71,none
37,,8150,王,浚,士治,unavailable,-1,-1,0,81,73,77,71,75,none
38,,130,王,祥,休征,unavailable,-1,-1,0,23,19,68,78,84,none
39,,688,區,星,,unavailable,-1,-1,0,55,70,38,29,53,none
40,,8205,王,雙,子全,unavailable,-1,-1,0,64,88,19,22,27,none
41,,544,王,忠,,normal,1,211,0,39,57,21,27,49,none
42,,8308,王,昶,文舒,unavailable,-1,-1,0,74,64,79,79,75,none
43,,132,王,韜,,unavailable,-1,-1,0,46,59,72,51,49,none
44,,619,王,惇,,unavailable,-1,-1,0,60,66,46,61,56,none
45,,8152,王,平,子均,unavailable,-1,-1,0,83,79,76,58,51,none
46,,8309,王,甫,國山,normal,1,80,0,62,41,79,78,73,none
47,,8135,王,門,,normal,1,144,0,65,64,31,41,49,none
48,,8620,王,凌,彥雲,unavailable,-1,-1,0,74,64,70,82,71,none
49,,8244,王,累,,normal,1,80,0,28,30,78,80,73,none
50,,8051,王,朗,景興,normal,1,45,0,47,35,79,81,51,none
51,,8689,溫,恢,曼基,unavailable,-1,-1,0,62,36,73,86,76,none
52,,8492,何,晏,平叔,unavailable,-1,-1,0,6,30,71,70,8,none
53,,8040,蒯,越,異度,normal,1,9,0,47,27,82,88,73,none
54,,8041,蒯,良,子柔,normal,1,9,0,68,33,88,82,71,none
55,,8596,賈,華,,unavailable,-1,-1,0,49,65,41,29,52,none
56,,468,華,核,永先,unavailable,-1,-1,0,20,24,71,78,68,none
57,,8196,賈,逵,梁道,unavailable,-1,-1,0,78,61,84,85,75,none
58,,8414,何,儀,,unavailable,-1,-1,0,56,69,36,10,17,none
59,,8195,華,歆,子魚,normal,1,52,0,18,33,82,83,17,none
60,,8042,賈,詡,文和,normal,1,105,0,86,48,99,85,57,none
61,,311,郭,奕,伯益,unavailable,-1,-1,0,21,29,70,76,47,none
62,,788,郭,援,,normal,1,136,0,66,73,36,33,48,none
63,,8043,郭,嘉,奉孝,unavailable,-1,-1,0,51,15,98,84,78,none
64,,8480,鄂,煥,,unavailable,-1,-1,0,60,82,42,21,41,none
65,,8236,郭,汜,,normal,1,105,0,64,76,13,14,13,none
66,,8140,樂,就,,normal,1,23,0,53,66,58,42,53,none
67,,8311,霍,峻,仲邈,unavailable,-1,-1,0,80,66,73,62,70,none
68,,8077,郝,昭,伯道,unavailable,-1,-1,0,89,79,78,62,72,none
69,,8078,樂,進,文謙,normal,1,211,0,87,86,52,51,65,none
70,,321,樂,綝,,unavailable,-1,-1,0,73,75,43,41,63,none
71,,8079,郭,圖,公則,normal,1,136,0,52,50,82,68,37,none
72,,144,郭,馬,,unavailable,-1,-1,0,68,71,47,21,54,none
73,,8691,郝,萌,,normal,1,19,0,62,67,42,34,48,none
74,,8248,郭,攸之,演長,unavailable,-1,-1,0,13,9,68,79,60,none
75,,8312,霍,弋,紹先,unavailable,-1,-1,0,73,69,69,74,74,none
76,,8206,郭,淮,伯濟,unavailable,-1,-1,0,87,78,81,75,77,none
77,,8238,夏侯,威,季權,unavailable,-1,-1,0,71,73,49,57,67,none
78,,8006,夏侯,淵,妙才,normal,1,211,0,92,91,61,61,80,none
79,,8313,夏侯,恩,,normal,1,211,0,63,72,52,45,71,none
80,,8245,夏侯,和,義權,unavailable,-1,-1,0,48,51,70,76,64,none
81,,8246,夏侯,惠,稚權,unavailable,-1,-1,0,50,44,75,73,66,none
82,,8247,夏侯,玄,太初,unavailable,-1,-1,0,54,39,75,92,66,none
83,,8207,夏侯,尚,伯仁,unavailable,-1,-1,0,79,72,74,65,61,none
84,,8314,夏侯,德,,unavailable,-1,-1,0,69,73,32,40,52,none
85,,9100,夏侯,惇,元讓,normal,1,211,0,91,90,58,70,81,none
86,,8080,夏侯,霸,仲權,unavailable,-1,-1,0,79,84,77,55,71,none
87,,8278,夏侯,楙,子林,unavailable,-1,-1,0,20,7,4,21,2,none
88,,8780,夏侯,令女,,unavailable,-1,-1,0,19,10,73,71,84,none
89,,8235,賈,充,公閭,unavailable,-1,-1,0,54,31,89,85,10,none
90,,620,何,植,,unavailable,-1,-1,0,15,24,26,27,51,none
91,,8530,何,進,遂高,unavailable,-1,-1,0,39,40,6,41,68,none
92,,507,賀,齊,公苗,unavailable,-1,-1,0,83,78,72,64,73,none
93,,316,賈,范,,unavailable,-1,-1,0,60,62,73,62,62,none
94,,784,花,鬘,,unavailable,-1,-1,0,69,82,32,26,70,none
95,,8008,華,雄,,unavailable,-1,-1,0,81,92,56,40,57,none
96,,469,關,彝,,unavailable,-1,-1,0,50,62,44,52,59,none
97,,8280,韓,胤,,normal,1,23,0,26,29,64,54,44,none
98,,9101,關,羽,雲長,normal,1,40,0,95,97,77,62,93,none
99,,8693,桓,階,伯諸,unavailable,-1,-1,0,10,26,67,78,69,none
100,,8255,管,亥,,unavailable,-1,-1,0,70,82,10,5,25,none
101,,8172,毌丘,儉,仲恭,unavailable,-1,-1,0,78,74,52,56,54,none
102,,284,毌丘,秀,,unavailable,-1,-1,0,58,62,33,38,51,none
103,,285,毌丘,甸,子邦,unavailable,-1,-1,0,63,60,69,70,65,none
104,,695,韓,莒子,,unavailable,-1,-1,0,51,59,51,46,52,none
105,,8052,韓,玄,,unavailable,-1,-1,0,22,33,7,4,1,none
106,,8316,韓,浩,元嗣,normal,1,211,0,69,72,68,87,62,none
107,,8081,關,興,安國,unavailable,-1,-1,0,76,86,62,58,75,none
108,,8082,關,索,,unavailable,-1,-1,0,74,88,52,47,74,none
109,,8083,韓,遂,文約,normal,1,113,0,84,70,77,61,80,none
110,,8250,韓,嵩,德高,normal,1,9,0,25,15,70,77,61,none
111,,8646,關,靖,士起,normal,1,144,0,36,52,72,63,42,none
112,,8317,韓,暹,,unavailable,-1,-1,0,69,66,36,18,51,none
113,,8173,闞,澤,德潤,unavailable,-1,-1,0,43,49,83,86,73,none
114,,8524,韓,忠,,unavailable,-1,-1,0,64,67,18,12,23,none
115,,505,關,統,,unavailable,-1,-1,0,63,60,61,63,75,none
116,,8153,韓,當,義公,normal,1,209,0,76,85,56,51,68,none
117,,8636,韓,德,,unavailable,-1,-1,0,63,76,25,16,54,none
118,,8017,甘,寧,興霸,unavailable,-1,-1,0,86,94,76,18,58,none
119,,320,桓,范,元則,unavailable,-1,-1,0,20,11,78,74,51,none
120,,8053,韓,馥,文節,unavailable,-1,-1,0,13,3,27,62,60,none
121,,8018,關,平,,unavailable,-1,-1,0,77,82,68,60,76,none
122,,8174,簡,雍,憲和,normal,1,40,0,20,32,74,71,74,none
123,,8010,顏,良,,normal,1,136,0,79,93,42,32,53,none
124,,8015,魏,延,文長,unavailable,-1,-1,0,90,92,69,49,45,none
125,,8259,麴,義,,normal,1,136,0,82,78,51,18,37,none
126,,8493,戲,志才,,normal,1,211,0,23,7,88,73,58,none
127,,8322,魏,續,,normal,1,19,0,67,78,31,32,39,none
128,,622,魏,邈,,unavailable,-1,-1,0,57,62,59,54,65,none
129,,789,魏,諷,子京,unavailable,-1,-1,0,52,23,72,78,86,none
130,,8507,魏,攸,,unavailable,-1,-1,0,46,29,73,74,68,none
131,,8154,牛,金,,unavailable,-1,-1,0,72,79,38,40,45,none
132,,623,丘,建,,unavailable,-1,-1,0,39,52,65,52,51,none
133,,8494,牛,輔,,unavailable,-1,-1,0,38,60,21,26,37,none
134,,327,丘,本,,unavailable,-1,-1,0,50,41,67,56,55,none
135,,790,季,雍,,unavailable,-1,-1,0,63,52,41,40,58,none
136,,8084,姜,維,伯約,unavailable,-1,-1,0,90,89,90,67,80,none
137,,8321,鞏,志,,unavailable,-1,-1,0,43,53,61,65,48,none
138,,8318,橋,蕤,,normal,1,23,0,64,69,38,41,58,none
139,,8256,龔,都,,unavailable,-1,-1,0,59,70,23,22,37,none
140,,55,橋,瑁,元偉,unavailable,-1,-1,0,54,45,69,72,73,none
141,,470,許,儀,,unavailable,-1,-1,0,51,74,15,16,49,none
142,,8465,許,貢,,normal,1,44,0,44,66,64,64,56,none
143,,8176,許,靖,文休,normal,1,80,0,3,5,67,79,68,none
144,,8012,許,褚,仲康,unavailable,-1,-1,0,65,96,36,20,59,none
145,,8177,許,攸,子遠,normal,1,136,0,36,21,80,56,23,none
146,,8155,紀,靈,,normal,1,23,0,78,83,51,48,55,none
147,,8697,金,禕,德禕,unavailable,-1,-1,0,17,38,64,68,60,none
148,,8132,金環,三結,,unavailable,-1,-1,0,64,76,19,19,42,none
149,,8055,金,旋,元機,unavailable,-1,-1,0,52,68,13,29,47,none
150,,383,虞,汜,世洪,unavailable,-1,-1,0,61,34,74,71,72,none
151,,8178,虞,翻,仲翔,normal,1,45,0,43,46,86,81,46,none
152,,8237,邢,道榮,,unavailable,-1,-1,0,61,80,41,16,12,none
153,,198,卻,正,令先,unavailable,-1,-1,0,10,4,63,75,61,none
154,,8016,嚴,顏,,normal,1,80,0,79,83,69,67,79,none
155,,599,牽,弘,,unavailable,-1,-1,0,70,74,66,65,57,none
156,,8323,嚴,綱,,unavailable,-1,-1,0,68,71,40,51,52,none
157,,8324,嚴,畯,曼才,unavailable,-1,-1,0,13,2,70,84,72,none
158,,791,牽,招,子經,normal,1,136,0,72,69,73,75,73,none
159,,8529,嚴,政,,unavailable,-1,-1,0,50,55,39,36,12,none
160,,8297,嚴,白虎,,normal,1,174,0,67,70,23,21,41,none
161,,8471,嚴,輿,,normal,1,174,0,61,78,44,20,29,none
162,,8085,吳,懿,子遠,normal,1,80,0,83,73,68,70,77,none
163,,8019,黃,蓋,公覆,normal,1,209,0,79,83,65,65,81,none
164,,8325,高,干,元才,normal,1,136,0,74,56,48,59,66,none
165,,8665,黃,月英,,unavailable,-1,-1,0,51,31,88,87,79,none
166,,8156,黃,權,公衡,normal,1,80,0,75,59,82,79,78,none
167,,272,黃,皓,,unavailable,-1,-1,0,1,1,30,10,1,none
168,,8426,高,柔,文惠,normal,1,129,0,57,43,71,79,74,none
169,,8268,高,順,,normal,1,19,0,85,86,55,46,69,none
170,,8327,高,翔,,unavailable,-1,-1,0,68,68,52,44,55,none
171,,8525,高,升,,unavailable,-1,-1,0,67,73,41,21,27,none
172,,429,黃,崇,,unavailable,-1,-1,0,67,63,72,69,62,none
173,,8328,侯,成,,normal,1,19,0,74,75,63,56,60,none
174,,8443,侯,選,,normal,1,113,0,63,66,34,55,52,none
175,,8179,黃,祖,,normal,1,9,0,74,66,53,38,32,none
176,,8329,公孫,越,,unavailable,-1,-1,0,74,72,47,54,67,none
177,,8086,公孫,淵,文懿,unavailable,-1,-1,0,65,70,56,35,55,none
178,,8331,公孫,恭,,normal,1,147,0,39,17,68,61,42,none
179,,8330,公孫,康,,normal,1,147,0,72,66,61,58,56,none
180,,8038,公孫,瓚,伯珪,normal,1,144,0,85,83,70,46,77,none
181,,8509,公孫,續,,normal,1,144,0,63,68,54,63,66,none
182,,8264,公孫,度,升濟,normal,1,147,0,77,71,63,51,35,none
183,,8508,公孫,范,,normal,1,144,0,73,69,64,62,61,none
184,,2090,孔,胄,公緒,unavailable,-1,-1,0,26,16,68,78,64,none
185,,8023,黃,忠,漢升,normal,1,60,0,86,93,60,52,75,none
186,,8332,高,定,,unavailable,-1,-1,0,55,63,43,42,46,none
187,,792,高堂,隆,昇平,unavailable,-1,-1,0,35,24,76,85,70,none
188,,8333,高,沛,,normal,1,80,0,66,61,69,57,52,none
189,,8201,皇甫,嵩,義真,normal,1,105,0,87,61,73,51,72,none
190,,8058,孔,融,文舉,normal,1,29,0,30,5,72,75,65,none
191,,240,高,覽,,normal,1,136,0,76,82,66,55,62,none
192,,603,伍,延,,unavailable,-1,-1,0,66,73,42,49,64,none
193,,496,吳,巨,,normal,1,9,0,49,61,23,51,54,none
194,,700,國,淵,子尼,unavailable,-1,-1,0,50,19,71,86,74,none
195,,8712,吳,景,,normal,1,209,0,69,66,51,65,66,none
196,,473,吾,彥,子則,unavailable,-1,-1,0,74,72,77,69,68,none
197,,474,吳,綱,,unavailable,-1,-1,0,48,38,65,65,72,none
198,,737,吳,國太,,normal,1,209,0,30,21,70,74,81,none
199,,604,胡,濟,偉度,unavailable,-1,-1,0,57,39,68,72,65,none
200,,462,吾,粲,孔休,unavailable,-1,-1,0,68,41,78,75,67,none
201,,467,胡,質,文德,unavailable,-1,-1,0,73,46,74,77,72,none
202,,336,吳,質,季重,unavailable,-1,-1,0,16,29,68,57,37,none
203,,8292,胡,車兒,,normal,1,11,0,26,82,41,2,30,none
204,,241,胡,遵,,unavailable,-1,-1,0,70,76,52,50,62,none
205,,8485,胡,軫,文才,unavailable,-1,-1,0,65,74,12,15,21,none
206,,487,顧,譚,子默,unavailable,-1,-1,0,33,23,70,79,75,none
207,,8134,兀,突骨,,unavailable,-1,-1,0,72,86,1,3,21,none
208,,8334,胡,班,,unavailable,-1,-1,0,55,55,58,50,62,none
209,,8180,吳,班,元雄,normal,1,80,0,74,71,56,45,66,none
210,,209,胡,奮,玄威,unavailable,-1,-1,0,71,76,50,52,55,none
211,,8181,顧,雍,元歎,unavailable,-1,-1,0,43,18,80,90,76,none
212,,8182,吳,蘭,,normal,1,80,0,62,80,35,36,50,none
213,,626,胡,烈,玄武,unavailable,-1,-1,0,73,67,72,65,69,none
214,,465,崔,琰,季珪,normal,1,136,0,18,55,70,83,75,none
215,,8569,蔡,琰,文姬,normal,1,123,0,12,11,76,80,85,none
216,,8336,蔡,和,,normal,1,9,0,39,50,1,26,45,none
217,,8775,蔡,氏,,normal,1,9,0,8,7,69,58,66,none
218,,8337,蔡,中,,normal,1,9,0,40,54,2,22,43,none
219,,8087,蔡,瑁,,normal,1,9,0,77,70,77,72,62,none
220,,793,崔,林,德儒,unavailable,-1,-1,0,32,22,66,78,76,none
221,,504,左,奕,,unavailable,-1,-1,0,62,66,51,43,57,none
222,,8338,笮,融,,normal,1,43,0,60,69,38,21,14,none
223,,627,施,朔,,unavailable,-1,-1,0,38,65,47,21,54,none
224,,606,師,纂,,unavailable,-1,-1,0,60,72,54,46,14,none
225,,8049,司馬,懿,仲達,unavailable,-1,-1,0,95,63,96,93,87,none
226,,8209,司馬,炎,安世,unavailable,-1,-1,0,69,59,76,79,74,none
227,,8088,司馬,師,子元,unavailable,-1,-1,0,80,64,88,82,78,none
228,,8089,司馬,昭,子尚,unavailable,-1,-1,0,76,57,87,88,80,none
229,,607,司馬,胄,子將,unavailable,-1,-1,0,61,52,61,66,62,none
230,,8355,司馬,孚,叔達,unavailable,-1,-1,0,70,37,76,79,85,none
231,,357,司馬,望,子初,unavailable,-1,-1,0,73,58,78,65,42,none
232,,280,司馬,攸,大猷,unavailable,-1,-1,0,71,68,75,77,87,none
233,,8357,司馬,朗,伯達,unavailable,-1,-1,0,20,21,71,82,81,none
234,,340,謝,旌,,unavailable,-1,-1,0,64,76,34,33,44,none
235,,341,車,冑,,unavailable,-1,-1,0,49,49,40,58,50,none
236,,8136,沙,摩柯,,unavailable,-1,-1,0,60,84,25,14,44,none
237,,342,朱,異,季文,unavailable,-1,-1,0,70,68,60,45,54,none
238,,8342,周,昕,大明,normal,1,45,0,65,62,72,65,61,none
239,,8706,周,昂,,normal,1,136,0,74,65,62,49,62,none
240,,8343,周,旨,,unavailable,-1,-1,0,65,85,41,29,43,none
241,,8020,周,倉,,unavailable,-1,-1,0,62,84,42,33,60,none
242,,8090,周,泰,幼平,unavailable,-1,-1,0,76,91,48,38,60,none
243,,345,州,泰,,unavailable,-1,-1,0,71,64,71,64,59,none
244,,8345,周,魴,子魚,unavailable,-1,-1,0,52,41,80,75,59,none
245,,8091,周,瑜,公瑾,normal,1,209,0,97,71,96,86,93,none
246,,8124,朱,桓,休穆,unavailable,-1,-1,0,84,82,73,56,59,none
247,,8513,朱,據,子范,unavailable,-1,-1,0,77,57,72,70,76,none
248,,8137,祝,融,,unavailable,-1,-1,0,74,85,29,24,74,none
249,,8267,朱,俊,公偉,normal,1,105,0,78,65,70,71,73,none
250,,8346,朱,然,義封,unavailable,-1,-1,0,79,69,71,60,75,none
251,,8347,朱,治,君理,normal,1,209,0,71,56,72,73,75,none
252,,8377,朱,褒,,unavailable,-1,-1,0,68,73,34,32,40,none
253,,8348,朱,靈,文博,normal,1,211,0,71,73,67,53,42,none
254,,8044,荀,彧,文若,normal,1,211,0,52,14,95,98,93,none
255,,8293,淳于,瓊,仲簡,normal,1,136,0,72,66,29,29,36,none
256,,628,荀,顗,景倩,unavailable,-1,-1,0,16,13,70,74,69,none
257,,629,荀,勖,公曾,unavailable,-1,-1,0,8,19,77,72,53,none
258,,8251,荀,諶,友若,normal,1,127,0,19,25,77,78,64,none
259,,8157,荀,攸,公達,unavailable,-1,-1,0,73,26,94,88,84,none
260,,536,焦,彝,,unavailable,-1,-1,0,62,69,63,42,52,none
261,,537,鍾,毓,稚叔,unavailable,-1,-1,0,32,12,71,76,72,none
262,,8092,蔣,琬,公琰,unavailable,-1,-1,0,78,34,84,93,81,none
263,,8093,鍾,會,士季,unavailable,-1,-1,0,82,51,91,79,66,none
264,,8349,蔣,干,子翼,unavailable,-1,-1,0,9,6,65,64,47,none
265,,8350,蔣,義渠,,normal,1,136,0,71,58,57,51,55,none
266,,8568,小,喬,,normal,1,209,0,16,12,73,77,92,none
267,,8212,蔣,欽,公奕,unavailable,-1,-1,0,78,84,51,42,74,none
268,,8351,蔣,濟,子通,unavailable,-1,-1,0,48,43,85,77,56,none
269,,8270,譙,周,允南,unavailable,-1,-1,0,3,3,66,71,50,none
270,,353,蔣,舒,,unavailable,-1,-1,0,55,76,35,29,30,none
271,,8793,焦,觸,,normal,1,136,0,65,72,33,32,39,none
272,,8184,向,寵,,unavailable,-1,-1,0,76,61,76,67,71,none
273,,630,邵,悌,元伯,unavailable,-1,-1,0,21,15,72,66,54,none
274,,540,蔣,班,,unavailable,-1,-1,0,63,73,62,41,48,none
275,,609,蔣,斌,,unavailable,-1,-1,0,27,23,64,73,74,none
276,,8198,鍾,繇,元常,normal,1,105,0,70,24,76,91,80,none
277,,708,鍾離,牧,子干,unavailable,-1,-1,0,77,72,73,65,71,none
278,,8353,向,朗,巨達,unavailable,-1,-1,0,28,18,73,74,69,none
279,,8265,徐,榮,,unavailable,-1,-1,0,80,76,57,43,42,none
280,,8094,諸葛,恪,元遜,unavailable,-1,-1,0,72,47,90,80,60,none
281,,709,諸葛,喬,伯松,unavailable,-1,-1,0,62,27,75,70,77,none
282,,8046,諸葛,瑾,子瑜,unavailable,-1,-1,0,75,34,81,89,90,none
283,,8298,諸葛,均,,unavailable,-1,-1,0,29,25,51,66,71,none
284,,608,諸葛,緒,,unavailable,-1,-1,0,41,40,29,46,48,none
285,,286,諸葛,尚,,unavailable,-1,-1,0,64,77,62,55,68,none
286,,355,諸葛,靚,仲思,unavailable,-1,-1,0,58,63,66,65,68,none
287,,186,諸葛,瞻,思遠,unavailable,-1,-1,0,71,60,70,72,75,none
288,,8095,諸葛,誕,公休,unavailable,-1,-1,0,81,72,71,75,82,none
289,,9102,諸葛,亮,孔明,unavailable,-1,-1,0,93,38,100,95,92,none
290,,8037,徐,晃,公明,normal,1,105,0,91,90,74,48,71,none
291,,8772,徐,氏,,unavailable,-1,-1,0,41,16,80,70,84,none
292,,362,徐,質,,unavailable,-1,-1,0,68,83,24,26,44,none
293,,8039,徐,庶,元直,unavailable,-1,-1,0,84,64,93,80,81,none
294,,8125,徐,盛,文向,unavailable,-1,-1,0,87,81,78,65,73,none
295,,8511,徐,邈,景山,unavailable,-1,-1,0,55,32,67,82,79,none
296,,359,沈,瑩,,unavailable,-1,-1,0,70,77,61,42,65,none
297,,8457,申,儀,,unavailable,-1,-1,0,55,59,59,56,47,none
298,,8781,辛,憲英,,unavailable,-1,-1,0,42,28,84,76,75,none
299,,290,岑,昏,,unavailable,-1,-1,0,1,1,33,13,4,none
300,,8732,甄,氏,,unavailable,-1,-1,0,15,4,71,66,94,none
301,,551,辛,敞,泰雍,unavailable,-1,-1,0,50,26,42,68,67,none
302,,8359,申,耽,義舉,unavailable,-1,-1,0,56,62,52,41,47,none
303,,8096,審,配,正南,normal,1,136,0,84,60,83,73,70,none
304,,8186,辛,毘,佐治,normal,1,136,0,39,24,78,79,72,none
305,,8158,辛,評,仲治,normal,1,127,0,69,43,76,75,68,none
306,,8360,秦,宓,子敕,normal,1,80,0,16,7,72,78,76,none
307,,8640,秦,朗,元明,unavailable,-1,-1,0,58,70,35,15,42,none
308,,710,眭,元進,,normal,1,136,0,52,68,45,32,49,none
309,,8470,眭,固,白兔,normal,1,193,0,63,71,38,7,33,none
310,,8733,鄒,氏,,normal,1,11,0,4,6,36,42,89,none
311,,515,鄒,靖,,unavailable,-1,-1,0,70,64,66,59,67,none
312,,552,鄒,丹,,normal,1,144,0,61,64,34,37,39,none
313,,8362,成,宜,,normal,1,113,0,74,72,41,48,56,none
314,,8710,成,公英,,normal,1,113,0,73,71,80,62,68,none
315,,553,盛,曼,,unavailable,-1,-1,0,61,68,66,50,57,none
316,,463,石,苞,仲容,unavailable,-1,-1,0,69,71,56,53,60,none
317,,475,薛,瑩,道言,unavailable,-1,-1,0,49,18,64,74,62,none
318,,560,薛,珝,,unavailable,-1,-1,0,17,15,68,72,49,none
319,,8363,薛,綜,敬文,unavailable,-1,-1,0,34,16,72,80,63,none
320,,476,全,禕,,unavailable,-1,-1,0,61,68,44,32,56,none
321,,559,全,懌,,unavailable,-1,-1,0,60,63,38,43,53,none
322,,649,全,紀,,unavailable,-1,-1,0,49,69,61,70,63,none
323,,8510,單,經,,normal,1,144,0,71,68,43,49,54,none
324,,650,全,尚,,unavailable,-1,-1,0,2,4,12,41,59,none
325,,8249,全,琮,子璜,unavailable,-1,-1,0,78,72,71,61,67,none
326,,477,全,端,,unavailable,-1,-1,0,67,64,39,37,59,none
327,,365,曹,宇,彭祖,unavailable,-1,-1,0,50,43,37,52,60,none
328,,8059,曹,叡,元仲,unavailable,-1,-1,0,72,52,82,82,88,none
329,,278,曹,奐,景明,unavailable,-1,-1,0,13,15,30,45,65,none
330,,366,曹,羲,,unavailable,-1,-1,0,30,26,50,53,45,none
331,,8097,曹,休,文烈,normal,1,211,0,74,75,58,56,67,none
332,,367,曹,訓,,unavailable,-1,-1,0,18,34,11,13,28,none
333,,8367,宋,憲,,normal,1,19,0,68,77,38,27,31,none
334,,596,宋,謙,,normal,1,209,0,66,78,42,39,64,none
335,,8187,曹,昂,子修,normal,1,211,0,74,67,66,68,77,none
336,,8047,曹,洪,子廉,normal,1,211,0,79,81,44,35,54,none
337,,8368,曹,純,子和,normal,1,211,0,89,86,60,35,82,none
338,,8021,曹,彰,子文,unavailable,-1,-1,0,82,90,40,35,76,none
339,,8048,曹,植,子建,unavailable,-1,-1,0,18,22,81,70,80,none
340,,8098,曹,TRUE,子丹,unavailable,-1,-1,0,87,74,68,72,88,none
341,,8024,曹,仁,子孝,normal,1,211,0,92,89,65,46,76,none
342,,8369,曹,性,,normal,1,19,0,54,74,38,27,39,none
343,,8060,曹,操,孟德,normal,1,211,0,98,72,91,94,96,none
344,,9238,曹,爽,昭伯,unavailable,-1,-1,0,39,33,30,66,51,none
345,,8561,曹,沖,倉舒,unavailable,-1,-1,0,31,21,85,79,83,none
346,,8261,臧,霸,宣高,normal,1,34,0,84,85,52,56,71,none
347,,8061,曹,丕,子桓,unavailable,-1,-1,0,70,71,83,86,82,none
348,,8281,曹,豹,,normal,1,35,0,54,69,32,21,26,none
349,,276,曹,芳,蘭卿,unavailable,-1,-1,0,5,3,27,48,72,none
350,,277,曹,髦,彥士,unavailable,-1,-1,0,54,61,59,75,80,none
351,,275,曹,熊,,unavailable,-1,-1,0,9,5,52,64,68,none
352,,563,沮,鵠,,unavailable,-1,-1,0,55,51,66,67,72,none
353,,8100,沮,授,,normal,1,136,0,78,35,90,89,74,none
354,,8370,蘇,飛,,normal,1,9,0,69,63,66,62,63,none
355,,8371,祖,茂,大榮,unavailable,-1,-1,0,70,71,62,53,65,none
356,,571,蘇,由,,normal,1,136,0,50,59,49,41,49,none
357,,184,孫,異,,unavailable,-1,-1,0,69,71,55,62,61,none
358,,288,孫,和,子孝,unavailable,-1,-1,0,31,39,68,71,76,none
359,,8214,孫,桓,叔武,unavailable,-1,-1,0,82,73,72,68,78,none
360,,795,孫,觀,仲台,normal,1,34,0,72,78,51,39,66,none
361,,610,孫,冀,,unavailable,-1,-1,0,60,67,51,60,66,none
362,,189,孫,休,子烈,unavailable,-1,-1,0,57,39,78,75,81,none
363,,373,孫,匡,季佐,unavailable,-1,-1,0,52,46,44,65,56,none
364,,374,孫,歆,,unavailable,-1,-1,0,66,69,35,38,36,none
365,,8062,孫,堅,文台,unavailable,-1,-1,0,93,90,74,73,91,none
366,,8159,孫,乾,公佑,normal,1,35,0,34,33,78,84,84,none
367,,8064,孫,權,仲謀,normal,1,209,0,76,67,80,89,95,none
368,,273,孫,皓,元宗,unavailable,-1,-1,0,13,28,31,6,3,none
369,,8711,孫,皎,叔朗,unavailable,-1,-1,0,77,72,66,71,73,none
370,,8063,孫,策,伯符,normal,1,209,0,95,92,69,70,92,none
371,,8778,孫,氏,,unavailable,-1,-1,0,23,22,62,72,80,none
372,,211,孫,秀,,unavailable,-1,-1,0,55,51,53,57,68,none
373,,375,孫,峻,子遠,unavailable,-1,-1,0,64,70,65,26,11,none
374,,8375,孫,韶,公禮,unavailable,-1,-1,0,80,79,75,69,74,none
375,,8538,孫,尚香,,unavailable,-1,-1,0,72,86,67,63,86,none
376,,573,孫,震,,unavailable,-1,-1,0,67,70,48,44,54,none
377,,8376,孫,靜,幼台,normal,1,209,0,66,53,72,71,72,none
378,,8526,孫,仲,,unavailable,-1,-1,0,62,71,36,8,14,none
379,,379,孫,綝,子通,unavailable,-1,-1,0,25,39,65,17,7,none
380,,8286,孫,登,子高,unavailable,-1,-1,0,62,37,79,80,87,none
381,,8379,孫,瑜,仲異,normal,1,209,0,77,70,68,69,78,none
382,,8215,孫,翊,叔弼,unavailable,-1,-1,0,67,78,27,16,45,none
383,,217,孫,亮,子明,unavailable,-1,-1,0,21,7,70,76,70,none
384,,8380,孫,禮,德達,unavailable,-1,-1,0,78,81,62,73,74,none
385,,382,孫,朗,早安,unavailable,-1,-1,0,34,43,30,40,45,none
386,,8779,孫,魯班,大虎,unavailable,-1,-1,0,26,28,72,64,68,none
387,,8567,大,喬,,normal,1,209,0,17,11,72,78,92,none
388,,483,太史,享,元復,unavailable,-1,-1,0,57,66,48,59,60,none
389,,8022,太史,慈,子義,normal,1,43,0,82,93,66,58,79,none
390,,8138,帶來,洞主,,unavailable,-1,-1,0,51,53,53,43,62,none
391,,8560,戴,陵,,unavailable,-1,-1,0,70,75,39,48,50,none
392,,8139,朵思,大王,,unavailable,-1,-1,0,62,59,70,54,47,none
393,,8230,譚,雄,,unavailable,-1,-1,0,58,73,14,20,37,none
394,,8290,張,允,,normal,1,9,0,72,67,42,56,48,none
395,,8009,趙,雲,子龍,normal,1,144,0,89,96,79,71,90,none
396,,8383,張,衛,,normal,1,100,0,74,66,45,44,61,none
397,,8385,張,英,,normal,1,43,0,75,74,41,34,49,none
398,,8384,張,燕,,normal,1,137,0,82,81,53,48,63,none
399,,8386,張,橫,,unavailable,-1,-1,0,59,70,23,24,49,none
400,,8387,張,溫,惠恕,unavailable,-1,-1,0,17,10,71,78,70,none
401,,478,張,華,茂先,unavailable,-1,-1,0,36,27,78,79,64,none
402,,8388,張,闓,,normal,1,35,0,34,66,8,1,10,none
403,,8520,張,角,,unavailable,-1,-1,0,86,25,86,80,98,none
404,,8391,張,既,德容,unavailable,-1,-1,0,74,35,75,88,81,none
405,,274,張,休,叔嗣,unavailable,-1,-1,0,53,27,74,77,73,none
406,,554,張,球,,unavailable,-1,-1,0,69,72,44,30,46,none
407,,8217,張,嶷,伯岐,unavailable,-1,-1,0,79,72,74,77,76,none
408,,8389,張,勳,,normal,1,23,0,72,68,41,39,59,none
409,,391,張,虎,,unavailable,-1,-1,0,75,74,41,44,61,none
410,,8101,張,紘,子綱,unavailable,-1,-1,0,24,22,86,95,82,none
411,,8025,張,郃,俊乂,normal,1,127,0,90,92,69,57,71,none
412,,242,趙,廣,,unavailable,-1,-1,0,67,71,53,53,62,none
413,,8527,趙,弘,,unavailable,-1,-1,0,66,72,28,22,19,none
414,,8392,張,濟,,normal,1,11,0,70,66,52,53,55,none
415,,8160,張,繡,,normal,1,11,0,80,73,60,45,59,none
416,,631,張,緝,敬仲,unavailable,-1,-1,0,31,29,70,74,50,none
417,,632,張,遵,,unavailable,-1,-1,0,63,68,66,59,57,none
418,,8776,張,春華,,unavailable,-1,-1,0,60,9,76,72,68,none
419,,8102,張,昭,子布,unavailable,-1,-1,0,33,3,84,97,80,none
420,,8050,張,松,永年,normal,1,80,0,15,6,88,82,19,none
421,,394,張,紹,,unavailable,-1,-1,0,8,12,31,59,52,none
422,,557,張,承,仲嗣,unavailable,-1,-1,0,77,70,75,73,74,none
423,,8218,張,任,,normal,1,80,0,88,84,78,59,76,none
424,,9104,貂,蟬,,normal,1,19,0,10,26,81,65,94,none
425,,8213,張,悌,巨先,unavailable,-1,-1,0,67,43,80,78,83,none
426,,220,趙,統,,unavailable,-1,-1,0,68,67,61,54,58,none
427,,633,張,特,子產,unavailable,-1,-1,0,73,54,75,66,68,none
428,,796,張,南,,normal,1,136,0,57,71,46,34,34,none
429,,464,張,南,文進,unavailable,-1,-1,0,70,69,37,43,59,none
430,,8269,張,邈,孟卓,normal,1,17,0,52,53,70,74,85,none
431,,8065,趙,范,,unavailable,-1,-1,0,28,21,32,58,56,none
432,,8001,張,飛,翼德,normal,1,40,0,91,98,30,22,45,none
433,,396,張,布,,unavailable,-1,-1,0,31,24,71,66,41,none
434,,8103,張,苞,,unavailable,-1,-1,0,75,87,48,46,68,none
435,,8521,張,寶,,unavailable,-1,-1,0,83,71,81,64,82,none
436,,8713,張,曼成,,unavailable,-1,-1,0,73,81,45,37,53,none
437,,8483,張,楊,雅叔,normal,1,193,0,72,70,62,58,68,none
438,,8202,張,翼,伯恭,unavailable,-1,-1,0,75,74,71,72,70,none
439,,8014,張,遼,文遠,normal,1,19,0,94,92,78,58,78,none
440,,8522,張,梁,,unavailable,-1,-1,0,78,80,68,52,80,none
441,,8396,趙,累,,unavailable,-1,-1,0,70,43,67,74,71,none
442,,8066,張,魯,公祺,normal,1,100,0,51,26,73,78,89,none
443,,8397,陳,橫,,normal,1,43,0,64,63,26,35,43,none
444,,8597,陳,應,,unavailable,-1,-1,0,62,72,45,27,40,none
445,,8579,陳,紀,,normal,1,23,0,58,65,43,48,32,none
446,,8104,陳,宮,公台,normal,1,19,0,78,55,89,83,68,none
447,,8262,陳,矯,季弼,unavailable,-1,-1,0,61,27,76,83,64,none
448,,8105,陳,群,長文,normal,1,40,0,32,14,74,96,73,none
449,,8299,陳,珪,漢瑜,normal,1,35,0,15,4,82,77,76,none
450,,399,陳,騫,休淵,unavailable,-1,-1,0,72,71,65,57,50,none
451,,296,陳,壽,承祚,unavailable,-1,-1,0,12,22,60,75,51,none
452,,8399,陳,式,,unavailable,-1,-1,0,70,71,25,23,30,none
453,,8242,陳,震,孝起,unavailable,-1,-1,0,46,46,68,76,73,none
454,,8199,陳,泰,玄伯,unavailable,-1,-1,0,84,73,86,78,77,none
455,,8220,陳,登,元龍,normal,1,35,0,79,64,81,80,61,none
456,,8502,陳,到,叔至,normal,1,40,0,86,85,63,53,78,none
457,,583,陳,表,文奧,unavailable,-1,-1,0,66,42,74,78,72,none
458,,8221,陳,武,子烈,normal,1,209,0,74,87,43,40,62,none
459,,8252,陳,蘭,,normal,1,23,0,66,69,40,24,38,none
460,,8400,陳,琳,孔璋,normal,1,136,0,10,9,74,78,72,none
461,,8106,程,昱,仲德,normal,1,211,0,70,49,90,79,58,none
462,,8523,程,遠志,,unavailable,-1,-1,0,69,74,17,24,35,none
463,,584,丁,儀,正禮,unavailable,-1,-1,0,15,5,64,72,51,none
464,,8401,程,銀,,normal,1,113,0,69,73,40,36,50,none
465,,8532,丁,原,建陽,unavailable,-1,-1,0,70,76,35,40,74,none
466,,8161,程,普,德謀,normal,1,209,0,84,79,79,74,85,none
467,,403,程,武,,unavailable,-1,-1,0,56,35,75,71,45,none
468,,404,程,秉,德樞,normal,1,74,0,16,15,71,72,65,none
469,,8189,丁,奉,承淵,unavailable,-1,-1,0,81,80,71,55,56,none
470,,612,丁,封,,unavailable,-1,-1,0,66,66,53,39,61,none
471,,8013,典,韋,,normal,1,211,0,56,95,35,29,58,none
472,,8512,田,楷,,normal,1,144,0,68,65,56,61,63,none
473,,405,田,續,,unavailable,-1,-1,0,47,60,55,15,32,none
474,,8405,田,疇,子泰,normal,1,136,0,66,66,72,76,74,none
475,,8107,田,豐,元皓,normal,1,136,0,72,29,93,87,64,none
476,,516,典,滿,,unavailable,-1,-1,0,51,73,39,26,52,none
477,,8554,田,予,國讓,normal,1,144,0,80,72,80,78,75,none
478,,232,滕,胤,承嗣,unavailable,-1,-1,0,29,41,71,76,64,none
479,,8164,董,允,休昭,unavailable,-1,-1,0,47,28,78,91,79,none
480,,8413,董,和,幼宰,normal,1,80,0,57,34,74,87,76,none
481,,8126,鄧,艾,士載,unavailable,-1,-1,0,94,87,89,81,70,none
482,,613,黨,均,,unavailable,-1,-1,0,33,24,77,59,47,none
483,,407,董,厥,龔襲,unavailable,-1,-1,0,65,59,76,78,66,none
484,,8067,陶,謙,恭祖,normal,1,35,0,51,27,63,63,77,none
485,,8407,鄧,賢,,unavailable,-1,-1,0,61,73,45,36,51,none
486,,8190,鄧,芝,伯苗,unavailable,-1,-1,0,73,52,81,85,88,none
487,,409,唐,咨,,unavailable,-1,-1,0,61,71,50,52,61,none
488,,8222,董,襲,元代,unavailable,-1,-1,0,72,85,50,48,60,none
489,,634,滕,修,顯先,unavailable,-1,-1,0,44,32,31,71,62,none
490,,395,陶,浚,,unavailable,-1,-1,0,65,66,46,44,55,none
491,,8409,董,承,,normal,1,105,0,56,53,65,63,75,none
492,,8263,董,昭,公仁,normal,1,136,0,19,25,80,82,59,none
493,,8068,董,卓,仲穎,unavailable,-1,-1,0,74,87,69,19,37,none
494,,411,鄧,忠,,unavailable,-1,-1,0,72,85,69,55,71,none
495,,589,董,朝,,unavailable,-1,-1,0,17,13,56,71,61,none
496,,8142,董,荼那,,unavailable,-1,-1,0,68,73,31,37,49,none
497,,635,唐,彬,儒宗,unavailable,-1,-1,0,67,74,59,53,58,none
498,,8411,董,旻,叔穎,unavailable,-1,-1,0,49,60,25,12,23,none
499,,8528,鄧,茂,,unavailable,-1,-1,0,61,75,29,17,28,none
500,,8796,杜,畿,伯侯,unavailable,-1,-1,0,66,32,74,87,76,none
501,,8191,杜,預,元凱,unavailable,-1,-1,0,85,30,85,80,81,none
502,,20001,寧,隨,,unavailable,-1,-1,0,67,69,72,44,52,none
503,,8258,裴,元紹,,unavailable,-1,-1,0,49,65,25,27,42,none
504,,614,裴,秀,季彥,unavailable,-1,-1,0,8,9,70,79,37,none
505,,785,馬,雲騄,,unavailable,-1,-1,0,78,88,53,46,77,none
506,,8419,馬,玩,,normal,1,113,0,71,74,16,23,37,none
507,,8420,馬,休,,normal,1,116,0,68,73,48,45,68,none
508,,482,馬,鈞,德衡,unavailable,-1,-1,0,2,7,60,70,41,none
509,,8715,波,才,,unavailable,-1,-1,0,71,74,52,25,33,none
510,,8421,馬,遵,,unavailable,-1,-1,0,40,52,31,51,48,none
511,,8108,馬,謖,幼常,unavailable,-1,-1,0,61,67,87,68,67,none
512,,8026,馬,岱,,unavailable,-1,-1,0,81,85,56,54,74,none
513,,480,馬,忠,,unavailable,-1,-1,0,67,77,64,36,38,none
514,,8223,馬,忠,德信,unavailable,-1,-1,0,78,72,68,78,79,none
515,,8004,馬,超,孟起,normal,1,116,0,90,97,44,26,88,none
516,,8422,馬,鐵,,normal,1,116,0,70,62,56,52,62,none
517,,8027,馬,騰,壽成,normal,1,116,0,82,80,51,59,89,none
518,,255,馬,邈,,unavailable,-1,-1,0,19,12,7,35,12,none
519,,8109,馬,良,季常,unavailable,-1,-1,0,46,23,85,90,86,none
520,,425,萬,彧,,unavailable,-1,-1,0,21,25,71,65,41,none
521,,416,樊,建,長元,unavailable,-1,-1,0,41,24,71,77,73,none
522,,8734,樊,氏,,unavailable,-1,-1,0,23,22,72,69,76,none
523,,8416,潘,浚,承明,normal,1,9,0,61,18,67,82,21,none
524,,8224,潘,璋,文珪,unavailable,-1,-1,0,76,80,70,28,12,none
525,,8417,樊,稠,,normal,1,105,0,66,73,31,24,39,none
526,,8717,樊,能,,normal,1,43,0,69,61,36,31,48,none
527,,8418,潘,鳳,,unavailable,-1,-1,0,56,77,4,14,25,none
528,,8110,費,禕,文偉,unavailable,-1,-1,0,77,30,83,92,83,none
529,,8425,卑,衍,,unavailable,-1,-1,0,60,66,21,30,46,none
530,,8719,費,詩,公舉,unavailable,-1,-1,0,15,28,64,74,66,none
531,,8769,糜,氏,,normal,1,35,0,12,6,66,70,79,none
532,,8162,糜,竺,子仲,normal,1,35,0,33,29,77,83,85,none
533,,8163,糜,芳,子方,normal,1,35,0,54,61,32,23,23,none
534,,8548,費,耀,,unavailable,-1,-1,0,70,66,73,62,67,none
535,,8433,武,安國,,unavailable,-1,-1,0,67,83,34,33,36,none
536,,8427,馮,習,休元,unavailable,-1,-1,0,72,71,39,41,62,none
537,,638,傅,嘏,蘭石,unavailable,-1,-1,0,44,35,81,82,70,none
538,,8429,傅,士仁,君義,unavailable,-1,-1,0,46,63,37,24,20,none
539,,8430,傅,僉,,unavailable,-1,-1,0,73,85,72,46,62,none
540,,8431,傅,巽,公梯,normal,1,9,0,14,13,69,72,46,none
541,,433,傅,彤,,unavailable,-1,-1,0,66,72,46,42,63,none
542,,8165,文,鴦,,unavailable,-1,-1,0,76,91,60,32,63,none
543,,8225,文,欽,仲若,unavailable,-1,-1,0,74,83,43,34,22,none
544,,595,文,虎,,unavailable,-1,-1,0,66,72,45,30,58,none
545,,8011,文,丑,,normal,1,136,0,78,94,25,25,38,none
546,,8111,文,聘,仲業,unavailable,-1,-1,0,86,82,66,69,72,none
547,,8434,卞,喜,,unavailable,-1,-1,0,56,70,59,37,24,none
548,,8773,卞,氏,,normal,1,211,0,36,24,74,76,87,none
549,,543,方,悅,,unavailable,-1,-1,0,68,80,44,46,55,none
550,,517,龐,會,,unavailable,-1,-1,0,73,81,49,42,52,none
551,,8144,忙,牙長,,unavailable,-1,-1,0,45,79,3,2,9,none
552,,8112,逢,紀,元圖,normal,1,136,0,27,21,84,70,39,none
553,,8435,龐,羲,,normal,1,80,0,60,38,68,74,57,none
554,,783,鮑,三娘,,unavailable,-1,-1,0,72,83,56,36,75,none
555,,295,鮑,信,,unavailable,-1,-1,0,77,67,81,73,78,none
556,,8113,法,正,孝直,unavailable,-1,-1,0,82,47,94,78,55,none
557,,8114,龐,統,士元,unavailable,-1,-1,0,78,34,97,85,69,none
558,,8028,龐,德,令明,normal,1,116,0,80,94,70,44,70,none
559,,8436,鮑,隆,,unavailable,-1,-1,0,58,76,49,23,30,none
560,,640,步,協,,unavailable,-1,-1,0,71,49,69,63,67,none
561,,8484,穆,順,,unavailable,-1,-1,0,52,77,11,21,20,none
562,,438,濮陽,興,子元,unavailable,-1,-1,0,37,32,70,72,59,none
563,,8145,木鹿,大王,,unavailable,-1,-1,0,65,71,39,6,32,none
564,,8226,步,騭,子山,unavailable,-1,-1,0,72,51,84,86,70,none
565,,642,步,闡,,unavailable,-1,-1,0,71,60,71,64,62,none
566,,8166,滿,寵,伯寧,normal,1,211,0,84,64,82,84,80,none
567,,8260,毛,玠,孝先,unavailable,-1,-1,0,63,39,59,78,61,none
568,,8029,孟,獲,,unavailable,-1,-1,0,76,87,42,45,80,none
569,,644,孟,宗,恭武,unavailable,-1,-1,0,47,28,72,78,79,none
570,,8115,孟,達,子度,normal,1,80,0,75,73,74,66,72,none
571,,8147,孟,優,,unavailable,-1,-1,0,50,68,22,18,37,none
572,,8541,俞,涉,,unavailable,-1,-1,0,62,79,24,23,33,none
573,,8438,楊,懷,,normal,1,80,0,62,68,68,62,53,none
574,,8439,雍,闓,,unavailable,-1,-1,0,81,75,54,56,68,none
575,,8227,楊,儀,威公,unavailable,-1,-1,0,68,40,82,79,23,none
576,,615,楊,欣,,unavailable,-1,-1,0,61,68,61,58,64,none
577,,8192,羊,祜,叔子,unavailable,-1,-1,0,90,64,84,87,89,none
578,,8517,楊,弘,,normal,1,23,0,18,15,76,60,45,none
579,,8547,楊,昂,,normal,1,100,0,68,72,38,35,42,none
580,,648,楊,濟,文通,unavailable,-1,-1,0,67,68,71,66,64,none
581,,8412,楊,丑,,normal,1,193,0,52,65,40,22,32,none
582,,8116,楊,修,德祖,unavailable,-1,-1,0,10,4,83,79,43,none
583,,8440,楊,秋,,normal,1,113,0,67,64,58,63,42,none
584,,8441,楊,松,,normal,1,100,0,2,5,28,34,5,none
585,,8546,楊,任,,normal,1,100,0,70,78,53,40,56,none
586,,9205,楊,祚,,unavailable,-1,-1,0,53,61,36,32,41,none
587,,655,楊,肇,,unavailable,-1,-1,0,70,65,68,62,58,none
588,,8458,楊,柏,,normal,1,100,0,44,45,19,26,21,none
589,,8651,楊,阜,義山,unavailable,-1,-1,0,67,50,83,78,77,none
590,,8000,楊,奉,,normal,1,105,0,66,65,31,14,58,none
591,,8722,楊,鋒,,unavailable,-1,-1,0,54,62,52,40,46,none
592,,8228,雷,銅,,unavailable,-1,-1,0,69,78,51,37,53,none
593,,8444,雷,薄,,normal,1,23,0,62,70,36,11,15,none
594,,446,駱,統,公緒,unavailable,-1,-1,0,76,58,75,77,77,none
595,,656,羅,憲,令則,unavailable,-1,-1,0,85,71,75,72,73,none
596,,8229,李,異,,unavailable,-1,-1,0,59,77,19,18,24,none
597,,8203,李,恢,德昂,unavailable,-1,-1,0,79,65,78,77,80,none
598,,8069,李,傕,稚然,normal,1,105,0,69,72,24,1,17,none
599,,289,陸,凱,敬風,unavailable,-1,-1,0,65,61,78,85,73,none
600,,8149,陸,抗,幼節,unavailable,-1,-1,0,91,63,87,85,87,none
601,,8454,陸,績,公紀,unavailable,-1,-1,0,20,7,71,72,44,none
602,,8117,陸,遜,伯言,unavailable,-1,-1,0,92,69,95,87,90,none
603,,8118,李,嚴,正方,normal,1,9,0,83,84,75,74,52,none
604,,8119,李,儒,,unavailable,-1,-1,0,61,26,93,75,38,none
605,,8266,李,肅,,unavailable,-1,-1,0,46,69,59,15,36,none
606,,645,李,勝,公昭,unavailable,-1,-1,0,12,22,29,69,51,none
607,,658,李,堪,,unavailable,-1,-1,0,58,69,33,37,45,none
608,,8658,李,通,文達,unavailable,-1,-1,0,73,81,57,63,73,none
609,,8167,李,典,曼成,normal,1,211,0,85,81,79,74,65,none
610,,798,李,孚,子憲,normal,1,136,0,31,36,74,73,69,none
611,,456,李,豐,,unavailable,-1,-1,0,55,48,67,72,67,none
612,,653,李,豐,安國,unavailable,-1,-1,0,25,35,67,71,60,none
613,,8723,李,豐,,normal,1,23,0,69,74,50,22,47,none
614,,8070,劉,焉,君郎,normal,1,80,0,73,58,80,81,85,none
615,,799,劉,和,,unavailable,-1,-1,0,21,16,59,68,72,none
616,,8544,劉,瑰,,normal,1,80,0,71,73,66,44,62,none
617,,8120,劉,琦,,normal,1,9,0,52,12,62,71,73,none
618,,8459,劉,虞,伯安,unavailable,-1,-1,0,55,33,69,78,92,none
619,,9204,劉,勳,子台,normal,1,23,0,47,63,35,16,32,none
620,,8446,劉,賢,,unavailable,-1,-1,0,54,66,51,40,52,none
621,,558,留,贊,正明,unavailable,-1,-1,0,78,75,64,57,62,none
622,,8774,劉,氏,,normal,1,136,0,3,8,71,49,69,none
623,,8175,劉,循,,unavailable,-1,-1,0,63,46,41,50,57,none
624,,8071,劉,璋,季玉,normal,1,80,0,16,5,9,38,65,none
625,,556,劉,劭,孔才,unavailable,-1,-1,0,71,53,74,79,70,none
626,,654,劉,丞,,unavailable,-1,-1,0,45,65,33,33,56,none
627,,8282,劉,諶,,unavailable,-1,-1,0,60,62,69,73,82,none
628,,663,劉,璇,文衡,unavailable,-1,-1,0,8,21,36,51,55,none
629,,8072,劉,禪,公嗣,unavailable,-1,-1,0,3,5,9,4,56,none
630,,8193,劉,琮,,unavailable,-1,-1,0,24,22,64,65,70,none
631,,448,劉,岱,公山,unavailable,-1,-1,0,53,65,32,54,42,none
632,,8073,劉,度,,unavailable,-1,-1,0,25,23,26,49,53,none
633,,8448,劉,巴,子初,unavailable,-1,-1,0,14,22,74,81,57,none
634,,8724,劉,磐,,normal,1,9,0,69,76,47,43,55,none
635,,8036,劉,備,玄德,normal,1,40,0,85,73,74,90,99,none
636,,8074,劉,表,景升,normal,1,9,0,48,31,71,81,83,none
637,,8726,劉,馥,元穎,unavailable,-1,-1,0,64,49,73,87,83,none
638,,617,留,平,,unavailable,-1,-1,0,70,71,68,57,63,none
639,,8257,劉,辟,,unavailable,-1,-1,0,70,72,47,34,55,none
640,,20000,劉,封,,unavailable,-1,-1,0,75,79,44,50,76,none
641,,8168,劉,曄,子揚,unavailable,-1,-1,0,36,32,92,73,69,none
642,,8075,劉,繇,正禮,normal,1,43,0,62,67,46,70,64,none
643,,424,留,略,,unavailable,-1,-1,0,71,66,59,46,51,none
644,,8449,呂,威璜,,normal,1,136,0,58,63,29,39,44,none
645,,8121,廖,化,元儉,unavailable,-1,-1,0,73,76,64,49,66,none
646,,8450,梁,興,,normal,1,113,0,61,65,19,22,26,none
647,,728,梁,綱,,normal,1,23,0,60,69,41,22,46,none
648,,8728,梁,習,子虞,unavailable,-1,-1,0,73,40,73,87,80,none
649,,8645,梁,緒,,unavailable,-1,-1,0,56,62,66,68,58,none
650,,8291,凌,操,,unavailable,-1,-1,0,75,81,42,35,55,none
651,,8122,凌,統,公績,unavailable,-1,-1,0,77,89,55,40,71,none
652,,717,廖,立,公淵,unavailable,-1,-1,0,22,15,69,76,27,none
653,,8232,呂,凱,季平,unavailable,-1,-1,0,53,30,66,77,73,none
654,,550,呂,據,世議,unavailable,-1,-1,0,70,59,71,62,62,none
655,,8452,呂,虔,子恪,normal,1,211,0,57,70,58,72,60,none
656,,8234,呂,曠,,normal,1,136,0,56,70,13,22,29,none
657,,8453,呂,翔,,normal,1,136,0,54,71,12,19,28,none
658,,8141,呂,岱,定公,unavailable,-1,-1,0,82,71,69,75,63,none
659,,8233,呂,范,子衡,normal,1,209,0,73,63,74,75,69,none
660,,8003,呂,布,奉先,normal,1,19,0,87,100,26,13,40,none
661,,8030,呂,蒙,子明,normal,1,209,0,91,81,89,78,82,none
662,,786,呂,玲綺,,unavailable,-1,-1,0,81,89,37,18,56,none
663,,8456,倫,直,,unavailable,-1,-1,0,46,42,72,64,56,none
664,,8545,冷,苞,,unavailable,-1,-1,0,71,82,68,37,23,none
665,,8729,婁,圭,子伯,normal,1,211,0,52,13,87,67,15,none
666,,618,樓,玄,承先,unavailable,-1,-1,0,23,22,67,77,80,none
667,,8123,魯,肅,子敬,unavailable,-1,-1,0,80,56,92,90,89,none
668,,664,魯,淑,,unavailable,-1,-1,0,71,53,74,76,73,none
669,,8200,盧,植,子干,unavailable,-1,-1,0,86,63,82,85,81,none
670,,439,成,廉,,normal,1,19,0,64,81,18,20,39,none
671,,603,張,超,,unavailable,-1,-1,0,61,56,47,55,36,none
7000,,1,劉,協,伯和,unavailable,-1,-1,0,50,50,50,50,50,none
7001,,8563,靈,帝,,unavailable,-1,-1,0,6,4,12,23,21,none
7002,,8564,少,帝,,unavailable,-1,-1,0,3,5,9,4,11,none
7003,,8565,劉,協,伯和,unavailable,-1,-1,0,66,59,72,90,95,none
7004,,497,于,吉,,unavailable,-1,-1,0,12,6,66,88,95,none
7005,,8497,華,佗,,unavailable,-1,-1,0,18,57,75,72,70,none
7006,,499,管,輅,,unavailable,-1,-1,0,13,9,72,62,46,none
7007,,500,許,劭,,unavailable,-1,-1,0,16,11,74,90,82,none
7008,,8500,左,慈,,unavailable,-1,-1,0,10,10,94,23,62,none
7009,,8501,司馬,徽,,unavailable,-1,-1,0,21,8,92,94,86,none
7010,,297,禰,衡,正平,unavailable,-1,-1,0,3,6,83,76,6,none
7011,,771,黃,承彥,,unavailable,-1,-1,0,8,8,64,78,74,none
7012,,732,橋,玄,,unavailable,-1,-1,0,12,6,66,74,82,none
7013,,667,北,斗,,unavailable,-1,-1,0,50,50,90,50,90,none
7014,,668,南,斗,,unavailable,-1,-1,0,50,50,90,50,90,none
7015,,8737,張,讓,,unavailable,-1,-1,0,12,1,84,66,24,none
7016,,772,蹇,碩,,unavailable,-1,-1,0,16,7,78,62,18,none
7100,,679,烏丸,頭目,,unavailable,-1,-1,0,64,70,30,21,52,none
7101,,680,烏丸,武將,,unavailable,-1,-1,0,55,61,25,16,15,none
7102,,681,羌族,頭目,,unavailable,-1,-1,0,63,71,31,20,51,none
7103,,682,羌族,武將,,unavailable,-1,-1,0,56,62,19,15,18,none
7104,,683,山越,頭目,,unavailable,-1,-1,0,62,72,27,22,54,none
7105,,684,山越,武將,,unavailable,-1,-1,0,55,64,19,13,19,none
7106,,685,南蠻,頭目,,unavailable,-1,-1,0,63,70,26,22,55,none
7107,,686,南蠻,武將,,unavailable,-1,-1,0,54,63,16,16,22,none
7108,,669,盜,賊,首領,unavailable,-1,-1,0,55,66,44,33,22,none
7200,,1200,傳令,官,,unavailable,-1,-1,0,55,66,44,33,22,none
7201,,7777,旁,白,,unavailable,-1,-1,0,80,7,99,80,89,none
7202,,8067,陶,謙,恭祖,unavailable,-1,-1,0,51,27,63,63,77,none
7203,,8036,劉,備,玄德,unavailable,-1,-1,0,85,73,74,90,99,none
7204,,8220,陳,登,元龍,unavailable,-1,-1,0,79,64,81,80,61,none
7205,,8058,孔,融,文舉,unavailable,-1,-1,0,30,5,72,75,65,none
7206,,8063,孫,策,伯符,unavailable,-1,-1,0,95,92,69,70,92,none
7207,,8032,袁,術,公路,unavailable,-1,-1,0,44,65,61,16,39,none
7208,,8069,李,傕,稚然,unavailable,-1,-1,0,69,72,24,1,17,none
7209,,19244,李,利,,unavailable,-1,-1,0,58,67,13,32,28,none
7210,,19199,胡,封,,unavailable,-1,-1,0,58,63,38,32,39,none
7211,,8417,樊,稠,,unavailable,-1,-1,0,66,73,31,24,39,none
8000,,803,孔,丘,仲尼,unavailable,-1,-1,0,73,68,84,87,85,none
8001,,8914,孫,臏,,unavailable,-1,-1,0,70,1,98,79,69,none
8002,,805,張,儀,,unavailable,-1,-1,0,42,27,93,94,5,none
8003,,806,樂,毅,,unavailable,-1,-1,0,98,75,92,91,92,none
8004,,807,藺,相如,,unavailable,-1,-1,0,28,47,85,90,85,none
8005,,808,白,起,,unavailable,-1,-1,0,100,88,70,3,39,none
8006,,809,贏,政,,unavailable,-1,-1,0,50,58,91,100,78,none
8007,,8936,李,斯,,unavailable,-1,-1,0,15,24,88,98,40,none
8008,,8935,王,翦,,unavailable,-1,-1,0,92,71,75,68,79,none
8009,,8934,蒙,恬,,unavailable,-1,-1,0,88,85,69,65,80,none
8010,,813,項,籍,羽,unavailable,-1,-1,0,94,100,69,20,95,none
8011,,8901,范,增,,unavailable,-1,-1,0,27,4,93,80,76,none
8012,,8900,英,布,,unavailable,-1,-1,0,84,97,56,33,54,none
8013,,816,劉,邦,季,unavailable,-1,-1,0,67,66,44,58,100,none
8014,,817,張,良,子房,unavailable,-1,-1,0,65,33,100,95,91,none
8015,,818,韓,信,,unavailable,-1,-1,0,100,74,92,73,76,none
8016,,819,彭,越,仲,unavailable,-1,-1,0,87,81,72,40,70,none
8017,,8912,霍,去病,,unavailable,-1,-1,0,91,93,42,5,84,none
8018,,821,楊,大眼,,unavailable,-1,-1,0,88,98,65,52,79,none
8019,,822,陳,慶之,子雲,unavailable,-1,-1,0,91,6,90,71,80,none
8020,,823,高,長恭,,unavailable,-1,-1,0,89,92,70,36,93,none
8021,,824,李,績,懋功,unavailable,-1,-1,0,92,70,94,90,74,none
8022,,825,秦,瓊,叔寶,unavailable,-1,-1,0,81,96,51,29,88,none
8023,,826,尉遲,恭,敬德,unavailable,-1,-1,0,82,98,60,32,84,none
8024,,8930,岳,飛,鵬舉,unavailable,-1,-1,0,95,91,78,31,98,none
8025,,828,秦,良玉,貞素,unavailable,-1,-1,0,82,78,76,70,90,none
8026,,829,鄭,成功,明儼,unavailable,-1,-1,0,90,72,80,85,93,none
8027,,8932,管,夷吾,仲,unavailable,-1,-1,0,90,65,98,100,82,none
8028,,8933,鮑,叔牙,,unavailable,-1,-1,0,53,46,82,87,89,none
8029,,8931,呂,尚,,unavailable,-1,-1,0,97,50,100,96,90,none
8030,,8913,吳,起,,unavailable,-1,-1,0,97,70,95,96,67,none
8031,,834,蕭,何,,unavailable,-1,-1,0,21,17,86,98,89,none
672,,19000,千,萬,,normal,1,102,0,63,71,41,23,66,none
673,,19001,飛,龍,,unavailable,-1,-1,0,71,76,54,43,65,none
674,,2016,苻,健,,normal,1,102,0,82,80,57,50,76,none
675,,2015,強,端,,normal,1,102,0,77,65,48,30,36,none
676,,19004,阿,貴,,unavailable,-1,-1,0,80,76,57,62,79,none
677,,2014,竇,茂,,normal,1,102,0,67,64,42,33,26,none
678,,679,夫,台,,normal,1,161,0,71,68,58,64,55,none
679,,680,尉,仇台,,normal,1,161,0,59,66,29,44,69,none
680,,681,簡,位居,,unavailable,-1,-1,0,63,70,30,50,65,none
681,,682,麻,余,,unavailable,-1,-1,0,72,68,30,44,63,none
682,,683,伯,固,,normal,1,149,0,70,75,45,55,63,none
683,,684,優,居,,normal,1,149,0,70,72,25,44,35,none
684,,2009,然,人,,normal,1,149,0,24,15,67,59,49,none
685,,2020,拔,奇,,normal,1,149,0,33,26,45,24,25,none
686,,685,伊,夷模,,normal,1,149,0,67,66,40,59,69,none
687,,686,位,宮,,unavailable,-1,-1,0,80,72,49,52,68,none
688,,19016,涓,奴,,normal,1,149,0,65,68,48,44,49,none
689,,9608,卑彌,呼,,unavailable,-1,-1,0,35,21,59,44,80,none
690,,9607,壹,與,,unavailable,-1,-1,0,30,17,58,54,79,none
691,,9815,難,升米,,unavailable,-1,-1,0,33,40,59,66,52,none
692,,9838,都市,牛利,,unavailable,-1,-1,0,33,24,56,49,33,none
693,,9602,伊,聲耆,,unavailable,-1,-1,0,44,26,56,60,56,none
694,,9606,掖,邪狗,,unavailable,-1,-1,0,56,61,45,35,51,none
695,,9803,載,斯,,unavailable,-1,-1,0,45,45,66,52,61,none
696,,9807,烏,越,,unavailable,-1,-1,0,56,34,34,61,54,none
697,,9600,卑彌,弓呼,,unavailable,-1,-1,0,65,66,56,52,52,none
698,,2026,孟,節,,normal,1,93,0,62,35,61,46,75,none
699,,2044,奚,泥,,unavailable,-1,-1,0,71,62,35,22,6,none
700,,2048,土,安,,unavailable,-1,-1,0,69,60,30,16,2,none
701,,2061,孟,虯,,unavailable,-1,-1,0,73,80,43,31,41,none
702,,2062,劉,胄,,normal,1,93,0,76,67,42,35,7,none
703,,19031,狼,岑,,unavailable,-1,-1,0,61,66,13,21,23,none
704,,19032,魏,狼,,unavailable,-1,-1,0,65,61,13,15,21,none
705,,19033,徹,裡吉,,normal,1,114,0,67,73,52,63,23,none
706,,19034,雅,丹,,normal,1,114,0,65,72,76,53,18,none
707,,19035,越,吉,,normal,1,114,0,78,71,26,35,42,none
708,,19036,迷,當,,unavailable,-1,-1,0,72,64,21,32,32,none
709,,19037,俄何,燒戈,,unavailable,-1,-1,0,57,75,21,23,47,none
710,,19038,芒,中,,normal,1,114,0,66,64,34,28,34,none
711,,19039,注,詣,,normal,1,114,0,63,65,29,31,44,none
712,,2059,丘,力居,,normal,1,160,0,68,78,56,55,8,none
713,,19041,樓,班,,unavailable,-1,-1,0,74,65,39,31,33,none
714,,19042,蹋,頓,,normal,1,160,0,83,74,61,56,57,none
715,,19043,難,樓,,normal,1,160,0,70,75,29,44,68,none
716,,2051,蘇,僕延,,normal,1,160,0,79,67,58,67,62,none
717,,19045,烏,延,,normal,1,160,0,69,66,51,55,72,none
718,,713,寇,婁敦,,unavailable,-1,-1,0,61,65,32,45,31,none
719,,8487,阿,羅槃,,unavailable,-1,-1,0,60,67,21,31,23,none
720,,2063,能臣,抵之,,normal,1,160,0,61,66,13,15,21,none
721,,2064,能臣,氐,,normal,1,160,0,60,65,23,18,31,none
722,,2065,修,武盧,,unavailable,-1,-1,0,62,67,44,23,35,none
723,,19051,骨,進,,normal,1,160,0,71,77,48,35,48,none
724,,19052,護,留,,normal,1,160,0,60,66,40,39,38,none
725,,19053,魯,昔,,normal,1,160,0,70,70,12,21,17,none
726,,19054,普,富盧,,normal,1,160,0,62,67,21,31,21,none
727,,19055,步,度根,,normal,1,159,0,77,69,50,49,51,none
728,,19056,扶,羅韓,,normal,1,159,0,76,72,42,45,66,none
729,,19057,軻,比能,,normal,1,159,0,79,77,52,59,74,none
730,,19058,洩,歸泥,,unavailable,-1,-1,0,55,63,43,38,45,none
731,,19059,素,利,,normal,1,159,0,70,74,51,44,68,none
732,,19060,成,律歸,,normal,1,159,0,69,63,47,32,10,none
733,,19061,瑣,奴,,normal,1,159,0,65,67,29,24,55,none
734,,19062,郁築,鞬,,unavailable,-1,-1,0,55,61,48,33,43,none
735,,19063,蒲,頭,,normal,1,159,0,75,72,56,43,64,none
736,,19064,彌,加,,normal,1,159,0,67,64,48,35,44,none
737,,19065,厥,機,,normal,1,159,0,64,62,51,41,49,none
738,,19066,沙,末汗,,unavailable,-1,-1,0,62,57,38,44,37,none
739,,2055,拓跋,力微,,normal,1,155,0,78,77,59,72,80,none
740,,548,拓跋,沙漠汗,,unavailable,-1,-1,0,67,66,34,24,68,none
741,,547,拓跋,悉鹿,,unavailable,-1,-1,0,72,77,45,56,62,none
742,,2050,禿髮,匹孤,,normal,1,155,0,79,71,36,56,56,none
743,,19071,莫,護跋,,unavailable,-1,-1,0,68,71,41,55,73,none
744,,19072,戴胡,阿狼泥,,unavailable,-1,-1,0,61,69,35,12,33,none
745,,19073,育,延,,normal,1,159,0,64,65,22,24,41,none
746,,19074,欒提,于夫羅,,normal,1,123,0,68,72,21,38,46,none
747,,19075,欒提,呼廚泉,,normal,1,123,0,71,70,40,35,49,none
748,,19076,欒提,去卑,,normal,1,123,0,64,67,76,69,54,none
749,,19077,劉,豹,,normal,1,123,0,74,73,48,52,49,none
750,,19078,禿瑰,來,,normal,1,123,0,62,69,24,14,24,none
751,,2104,呼延,氏,,unavailable,-1,-1,0,30,42,46,59,79,none
752,,19080,胡薄居,姿職,,normal,1,123,0,59,61,32,19,35,none
753,,9250,欒提,氏,,unavailable,-1,-1,0,35,23,43,50,91,none
754,,19082,胡,赤兒,,unavailable,-1,-1,0,51,69,16,11,6,none
755,,5029,尤,突,,normal,1,56,0,71,75,64,31,53,none
756,,5040,毛,甘,,normal,1,56,0,68,61,71,70,41,none
757,,19085,黃,亂,,unavailable,-1,-1,0,74,63,44,25,30,none
758,,19086,潘,臨,,normal,1,56,0,78,66,38,36,4,none
759,,2045,費,棧,,normal,1,56,0,70,60,51,44,17,none
760,,2046,常,俱,,unavailable,-1,-1,0,71,74,61,32,24,none
761,,19089,施,但,,unavailable,-1,-1,0,64,65,23,12,16,none
762,,2037,彭,虎,,normal,1,56,0,61,65,13,21,14,none
763,,2048,彭,綺,,unavailable,-1,-1,0,69,65,12,14,13,none
764,,2049,彭,旦,,unavailable,-1,-1,0,61,62,31,34,21,none
765,,19093,白,繞,,unavailable,-1,-1,0,64,69,52,28,41,none
766,,19094,白,爵,,unavailable,-1,-1,0,67,64,26,32,49,none
767,,19095,白,壽,,unavailable,-1,-1,0,70,63,46,42,47,none
768,,19096,鮑,忠,叔義,unavailable,-1,-1,0,61,67,52,38,46,none
769,,19097,卑,湛,,unavailable,-1,-1,0,18,15,68,75,62,none
770,,19098,畢,諶,子禮,normal,1,19,0,47,38,67,74,64,none
771,,19099,卞,秉,,normal,1,211,0,49,39,56,64,57,none
772,,7008,步,練師,,unavailable,-1,-1,0,13,47,63,56,85,none
773,,19101,蔡,陽,,unavailable,-1,-1,0,67,75,50,40,34,none
774,,2161,曹,節,,unavailable,-1,-1,0,20,12,63,75,89,none
775,,2108,曹,德陽,,unavailable,-1,-1,0,56,31,67,69,68,none
776,,19104,曹,宏,,normal,1,35,0,63,65,44,33,17,none
777,,19105,岑,璧,,normal,1,136,0,62,64,26,24,36,none
778,,19106,岑,威,,unavailable,-1,-1,0,61,62,13,14,26,none
779,,19107,昌,豨,,unavailable,-1,-1,0,68,70,52,62,48,none
780,,19108,昌,奇,,unavailable,-1,-1,0,64,69,29,36,26,none
781,,19109,萇,奴,,normal,1,23,0,67,62,48,35,30,none
782,,19110,常,雕,,unavailable,-1,-1,0,73,69,56,42,43,none
783,,19111,常,林,伯槐,unavailable,-1,-1,0,26,31,63,75,62,none
784,,19112,車,浚,,unavailable,-1,-1,0,56,45,62,63,46,none
785,,19113,陳,修,,unavailable,-1,-1,0,74,78,70,61,65,none
786,,19114,陳,生,,normal,1,9,0,62,62,36,33,34,none
787,,19115,陳,就,,normal,1,9,0,58,67,54,32,34,none
788,,19116,陳,容,,normal,1,127,0,41,34,71,68,73,none
789,,19117,陳,超,,unavailable,-1,-1,0,65,63,23,25,26,none
790,,19118,陳,瑀,公瑋,normal,1,39,0,68,59,70,72,45,none
791,,19119,陳,牧,,normal,1,39,0,62,65,24,12,20,none
792,,19120,程,畿,季然,normal,1,80,0,56,34,77,65,70,none
793,,19121,程,奐,,unavailable,-1,-1,0,26,37,62,71,41,none
794,,19122,淳于,丹,,unavailable,-1,-1,0,63,64,36,34,40,none
795,,19123,淳于,導,,unavailable,-1,-1,0,63,67,21,28,23,none
796,,19124,淳于,式,,unavailable,-1,-1,0,32,18,64,76,63,none
797,,2040,崔,勇,,normal,1,105,0,59,63,22,18,26,none
798,,19126,崔,鈞,州平,unavailable,-1,-1,0,48,35,83,84,80,none
799,,19127,戴,良,叔鸞,unavailable,-1,-1,0,72,63,51,59,52,none
800,,19128,戴,烈,,unavailable,-1,-1,0,69,61,57,58,56,none
801,,19129,鄧,龍,,normal,1,9,0,68,64,54,46,58,none
802,,19130,鄧,羲,,normal,1,9,0,44,38,72,75,69,none
803,,19131,鄧,升,,unavailable,-1,-1,0,59,64,44,51,38,none
804,,19132,鄧,濟,,normal,1,9,0,62,65,47,31,20,none
805,,19133,丁,謐,彥靖,unavailable,-1,-1,0,30,22,77,34,64,none
806,,2132,董,氏,,unavailable,-1,-1,0,10,16,45,69,60,none
807,,19135,董,越,,unavailable,-1,-1,0,65,63,44,36,38,none
808,,19136,董,璜,,unavailable,-1,-1,0,63,57,33,21,8,none
809,,3121,董,白,,unavailable,-1,-1,0,18,11,54,58,82,none
810,,9275,竇,氏,,unavailable,-1,-1,0,57,39,56,62,79,none
811,,19139,杜,瓊,伯瑜,unavailable,-1,-1,0,23,13,79,75,61,none
812,,19140,杜,長,,normal,1,137,0,62,67,44,34,46,none
813,,19141,段,煨,忠明,normal,1,105,0,71,65,53,67,43,none
814,,19142,段,灼,休然,unavailable,-1,-1,0,63,57,64,65,49,none
815,,19143,段,昭,,unavailable,-1,-1,0,63,69,29,36,34,none
816,,19144,法,邈,,unavailable,-1,-1,0,61,43,72,69,62,none
817,,19145,樊,阿,,unavailable,-1,-1,0,32,52,48,49,73,none
818,,19146,樊,岐,,unavailable,-1,-1,0,63,69,26,24,42,none
819,,19147,樊,震,,unavailable,-1,-1,0,62,68,36,42,36,none
820,,508,范,疆,,unavailable,-1,-1,0,36,51,38,11,3,none
821,,19149,范,先,,unavailable,-1,-1,0,58,62,54,49,57,none
822,,19150,范,方,,normal,1,144,0,62,63,57,44,39,none
823,,5037,范,慎,,unavailable,-1,-1,0,59,58,71,84,69,none
824,,2160,費,氏,,unavailable,-1,-1,0,18,29,50,54,77,none
825,,9277,馮,氏,,normal,1,23,0,11,10,54,55,89,none
826,,19154,馮,芳,,normal,1,105,0,75,72,38,51,69,none
827,,19155,馮,楷,,unavailable,-1,-1,0,68,66,52,54,49,none
828,,19156,馮,禮,,unavailable,-1,-1,0,61,66,26,42,29,none
829,,19157,馮,則,,unavailable,-1,-1,0,62,73,42,43,45,none
830,,19158,伏,完,,unavailable,-1,-1,0,31,14,65,77,79,none
831,,19159,傅,嬰,,unavailable,-1,-1,0,60,67,26,29,56,none
832,,7002,甘,氏,,normal,1,40,0,21,34,46,66,88,none
833,,19161,甘,醴,,unavailable,-1,-1,0,58,63,24,36,37,none
834,,19162,甘,瑰,,unavailable,-1,-1,0,63,68,54,36,63,none
835,,19163,甘,始,,unavailable,-1,-1,0,14,38,52,54,63,none
836,,19164,耿,武,文威,unavailable,-1,-1,0,44,38,71,72,64,none
837,,19165,耿,祉,,unavailable,-1,-1,0,74,71,67,65,70,none
838,,19166,公仇,稱,,normal,1,209,0,53,21,63,68,61,none
839,,19167,公孫,模,,unavailable,-1,-1,0,72,66,61,44,52,none
840,,19168,公孫,珩,,unavailable,-1,-1,0,41,37,70,72,48,none
841,,19169,龔,起,,unavailable,-1,-1,0,57,64,28,24,35,none
842,,19170,龔,祿,德緒,unavailable,-1,-1,0,66,58,61,58,54,none
843,,19171,顧,承,子直,unavailable,-1,-1,0,69,54,71,69,61,none
844,,9254,關,銀屏,,unavailable,-1,-1,0,72,67,42,24,77,none
845,,19173,管,寧,幼安,unavailable,-1,-1,0,32,35,76,78,81,none
846,,19174,管,統,,unavailable,-1,-1,0,70,62,56,58,63,none
847,,19175,管,承,,unavailable,-1,-1,0,58,64,29,27,39,none
848,,19176,毌丘,興,,unavailable,-1,-1,0,74,67,70,78,69,none
849,,2171,郭,氏,女王,unavailable,-1,-1,0,4,31,69,64,78,none
850,,2173,郭,槐,,unavailable,-1,-1,0,56,19,68,69,65,none
851,,19179,郭,太,,unavailable,-1,-1,0,61,66,44,29,52,none
852,,19180,郭,大賢,,unavailable,-1,-1,0,63,71,32,22,44,none
853,,19181,郭,昕,,unavailable,-1,-1,0,42,39,73,68,63,none
854,,19182,郭,貢,,unavailable,-1,-1,0,67,61,68,71,60,none
855,,19183,韓,猛,,normal,1,136,0,73,71,28,33,18,none
856,,19184,韓,起,,unavailable,-1,-1,0,62,64,52,37,46,none
857,,19185,韓,忠,,unavailable,-1,-1,0,18,25,57,54,53,none
858,,19186,韓,晞,,normal,1,9,0,66,63,19,18,25,none
859,,19187,郝,普,子太,unavailable,-1,-1,0,61,61,16,21,26,none
860,,19188,郝,凱,,unavailable,-1,-1,0,68,63,54,56,52,none
861,,19189,何,茂,,normal,1,136,0,64,63,17,15,32,none
862,,6011,和,洽,陽士,normal,1,9,0,13,23,68,74,31,none
863,,19191,和,鸞,,unavailable,-1,-1,0,63,65,18,16,28,none
864,,6015,和,嶠,長輿,unavailable,-1,-1,0,21,17,65,67,68,none
865,,19193,賀,達,,unavailable,-1,-1,0,58,68,29,31,36,none
866,,19194,賀,景,,unavailable,-1,-1,0,63,68,57,52,68,none
867,,19195,賀,邵,興伯,unavailable,-1,-1,0,62,58,56,63,62,none
868,,2129,侯,氏,,normal,1,144,0,24,13,58,76,79,none
869,,19197,侯,音,,unavailable,-1,-1,0,65,68,35,48,59,none
870,,2147,胡,氏,,normal,1,40,0,48,36,53,69,75,none
871,,19199,胡,封,,normal,1,105,0,58,63,38,32,39,none
872,,19200,胡,才,,unavailable,-1,-1,0,69,68,41,27,33,none
873,,19201,胡,淵,世元,unavailable,-1,-1,0,65,62,58,57,63,none
874,,19202,桓,嘉,,unavailable,-1,-1,0,61,31,59,63,57,none
875,,19203,桓,治,,unavailable,-1,-1,0,65,70,18,21,36,none
876,,19204,桓,發,,unavailable,-1,-1,0,62,71,17,19,40,none
877,,6012,皇甫,闓,,unavailable,-1,-1,0,23,19,77,69,61,none
878,,19206,皇甫,謐,士安,unavailable,-1,-1,0,32,1,59,72,69,none
879,,19207,皇甫,酈,,normal,1,105,0,64,49,69,68,59,none
880,,19208,黃,射,,normal,1,9,0,65,63,61,64,71,none
881,,19209,黃,龍羅,,unavailable,-1,-1,0,61,66,52,45,39,none
882,,19210,黃,龍,,unavailable,-1,-1,0,62,64,21,24,40,none
883,,19211,黃,邵,,unavailable,-1,-1,0,63,66,19,25,42,none
884,,19212,黃,襲,,unavailable,-1,-1,0,67,68,36,34,35,none
885,,19213,黃,元,,unavailable,-1,-1,0,63,67,39,45,56,none
886,,19214,霍,奴,,unavailable,-1,-1,0,59,62,38,32,48,none
887,,19215,霍,性,,unavailable,-1,-1,0,49,36,64,68,62,none
888,,19216,吉,穆,思然,unavailable,-1,-1,0,63,51,35,34,39,none
889,,19217,吉,邈,文然,unavailable,-1,-1,0,64,50,36,37,37,none
890,,19218,吉,茂,叔暢,unavailable,-1,-1,0,14,21,60,67,62,none
891,,19219,紀,亮,,unavailable,-1,-1,0,10,25,65,69,63,none
892,,19220,紀,陟,子上,unavailable,-1,-1,0,32,21,64,72,65,none
893,,19221,賈,輔,,unavailable,-1,-1,0,49,23,64,62,61,none
894,,19222,賈,洪,叔業,unavailable,-1,-1,0,48,25,72,66,58,none
895,,19223,賈,穆,,unavailable,-1,-1,0,59,38,73,69,67,none
896,,19224,賈,龍,,unavailable,-1,-1,0,75,65,68,66,53,none
897,,19225,賈,信,,unavailable,-1,-1,0,74,63,39,22,27,none
898,,19226,姜,敘,伯奕,unavailable,-1,-1,0,70,75,70,13,15,none
899,,2021,姜,隱,,unavailable,-1,-1,0,48,26,67,61,47,none
900,,19228,焦,炳,,unavailable,-1,-1,0,63,65,15,18,16,none
901,,19229,焦,已,,unavailable,-1,-1,0,63,66,24,26,46,none
902,,19230,金,奇,,unavailable,-1,-1,0,64,62,25,29,36,none
903,,19231,沮,宗,,unavailable,-1,-1,0,42,35,59,54,53,none
904,,19232,句,安,,unavailable,-1,-1,0,60,61,31,14,12,none
905,,19233,句,扶,孝興?,unavailable,-1,-1,0,76,72,49,40,56,none
906,,19234,孔,秀,,unavailable,-1,-1,0,58,65,31,13,35,none
907,,2023,孔,信,,unavailable,-1,-1,0,32,27,59,58,46,none
908,,2091,蒯,祺,,normal,1,9,0,57,21,69,74,67,none
909,,19237,樂,何當,,normal,1,144,0,15,20,64,58,59,none
910,,19238,樂,肇,,unavailable,-1,-1,0,63,64,42,43,62,none
911,,19239,雷,緒,,normal,1,23,0,71,72,60,37,44,none
912,,19240,雷,譚,,unavailable,-1,-1,0,62,63,36,28,39,none
913,,7020,李,氏,,unavailable,-1,-1,0,32,43,52,68,77,none
914,,19242,李,蒙,,normal,1,105,0,59,61,35,31,24,none
915,,19243,李,暹,,normal,1,105,0,59,66,53,47,32,none
916,,19244,李,利,,normal,1,105,0,58,67,13,32,28,none
917,,19245,李,封,,normal,1,19,0,61,66,58,57,29,none
918,,19246,李,樂,,unavailable,-1,-1,0,64,62,39,16,22,none
919,,19247,李,歷,,unavailable,-1,-1,0,48,41,69,71,71,none
920,,19248,李,大目,,unavailable,-1,-1,0,62,72,44,37,38,none
921,,19249,李,鄒,,normal,1,19,0,59,61,38,34,41,none
922,,19250,李,異,,normal,1,80,0,58,59,31,28,36,none
923,,19251,梁,鵠,孟皇,normal,1,9,0,20,18,61,68,64,none
924,,19252,梁,虔,,unavailable,-1,-1,0,64,42,65,72,53,none
925,,19253,梁,寓,孔儒,unavailable,-1,-1,0,63,48,67,72,74,none
926,,19254,梁,廣,,unavailable,-1,-1,0,44,16,64,69,53,none
927,,19255,廖,潛,,unavailable,-1,-1,0,67,63,32,42,58,none
928,,19256,廖,式,,unavailable,-1,-1,0,66,64,21,45,57,none
929,,19257,凌,封,,unavailable,-1,-1,0,62,66,54,52,59,none
930,,19258,凌,烈,,unavailable,-1,-1,0,55,65,36,45,57,none
931,,19259,劉,琰,威碩,normal,1,40,0,61,65,71,76,65,none
932,,6006,劉,楨,,unavailable,-1,-1,0,14,21,83,82,83,none
933,,6017,劉,先,始宗,normal,1,9,0,41,33,73,77,68,none
934,,19262,劉,詳,,normal,1,23,0,62,65,47,53,40,none
935,,19263,劉,何,,normal,1,19,0,61,62,44,30,52,none
936,,19264,劉,壹,,unavailable,-1,-1,0,47,44,71,70,63,none
937,,19265,劉,虎,,unavailable,-1,-1,0,65,62,52,44,61,none
938,,19266,留,慮,,unavailable,-1,-1,0,72,63,58,46,54,none
939,,2124,柳,氏,,unavailable,-1,-1,0,58,34,68,68,78,none
940,,19268,柳,毅,,normal,1,147,0,43,41,62,67,59,none
941,,19269,柳,遠,,unavailable,-1,-1,0,52,38,64,72,63,none
942,,19270,柳,浦,,unavailable,-1,-1,0,63,59,65,62,61,none
943,,19271,婁,發,,normal,1,80,0,58,62,39,40,45,none
944,,19272,盧,遜,,unavailable,-1,-1,0,63,58,55,48,49,none
945,,19273,盧,毓,子家,unavailable,-1,-1,0,54,46,69,73,68,none
946,,19274,盧,欽,子若,unavailable,-1,-1,0,66,61,68,66,67,none
947,,6025,魯,芝,世英,unavailable,-1,-1,0,42,29,65,79,75,none
948,,19276,魯,睦,,unavailable,-1,-1,0,70,51,63,66,59,none
949,,19277,陸,機,士衡,unavailable,-1,-1,0,41,35,61,67,68,none
950,,19278,陸,雲,士龍,unavailable,-1,-1,0,43,37,63,65,67,none
951,,19279,羅,厲,,unavailable,-1,-1,0,62,67,36,32,35,none
952,,19280,羅,市,,unavailable,-1,-1,0,59,66,29,25,46,none
953,,19281,羅,襲,,unavailable,-1,-1,0,67,59,61,63,62,none
954,,19282,駱,曜,,unavailable,-1,-1,0,57,63,29,26,47,none
955,,19283,駱,秀,,unavailable,-1,-1,0,59,54,58,66,64,none
956,,19284,駱,俊,孝遠,normal,1,162,0,63,61,60,65,66,none
957,,19285,呂,公,,normal,1,9,0,66,64,52,18,61,none
958,,19286,呂,霸,,unavailable,-1,-1,0,68,62,74,78,73,none
959,,19287,呂,乂,季陽,unavailable,-1,-1,0,70,61,51,31,52,none
960,,19288,呂,建,,unavailable,-1,-1,0,71,69,67,13,56,none
961,,19289,呂,常,,unavailable,-1,-1,0,72,75,23,14,31,none
962,,19290,呂,由,,unavailable,-1,-1,0,64,68,57,33,46,none
963,,19291,馬,延,,unavailable,-1,-1,0,64,69,44,37,40,none
964,,19292,滿,偉,公衡,unavailable,-1,-1,0,71,63,56,58,67,none
965,,19293,滿,長武,,unavailable,-1,-1,0,62,65,52,56,63,none
966,,19294,滿,奮,武秋,unavailable,-1,-1,0,72,66,62,63,73,none
967,,19295,毛,暉,,normal,1,19,0,60,62,36,40,46,none
968,,19296,毛,炅,,unavailable,-1,-1,0,69,66,59,57,58,none
969,,19297,孟,坦,,unavailable,-1,-1,0,57,67,13,12,31,none
970,,6005,孟,建,公威,unavailable,-1,-1,0,61,24,84,86,73,none
971,,19299,糜,威,,unavailable,-1,-1,0,35,45,69,63,72,none
972,,19300,閔,純,伯典,unavailable,-1,-1,0,39,29,76,68,68,none
973,,19301,繆,尚,,normal,1,193,0,41,48,67,71,55,none
974,,19302,牛,蓋,,unavailable,-1,-1,0,64,67,26,28,43,none
975,,19303,龐,柔,,normal,1,116,0,71,62,43,36,48,none
976,,19304,龐,季,,normal,1,9,0,39,34,72,78,73,none
977,,19305,龐,樂,,normal,1,80,0,59,60,32,27,36,none
978,,19306,裴,楷,叔則,unavailable,-1,-1,0,51,33,71,68,83,none
979,,19307,彭,材,,unavailable,-1,-1,0,61,64,19,17,36,none
980,,19308,彭,脫,,unavailable,-1,-1,0,58,65,21,22,39,none
981,,19309,戚,寄,,normal,1,23,0,62,65,44,17,40,none
982,,19310,齊,周,,unavailable,-1,-1,0,66,67,56,44,52,none
983,,19311,牽,秀,成叔,unavailable,-1,-1,0,52,35,62,68,64,none
984,,19312,錢,銅,,normal,1,56,0,60,68,24,27,49,none
985,,19313,錢,博,,unemployed,1,71,0,63,67,58,59,57,none
986,,19314,錢,欽,,unavailable,-1,-1,0,36,23,63,53,23,none
987,,19315,秦,琪,,unavailable,-1,-1,0,65,71,14,21,32,none
988,,19316,秦,翊,,normal,1,23,0,63,67,37,21,34,none
989,,19317,秦,絜,,unavailable,-1,-1,0,64,63,52,48,59,none
990,,19318,秦,松,文表,normal,1,209,0,26,19,69,63,57,none
991,,19319,區,景,,unemployed,1,71,0,59,63,39,42,41,none
992,,19320,麴,演,,unavailable,-1,-1,0,58,62,25,24,45,none
993,,19321,全,柔,,unavailable,-1,-1,0,63,64,56,63,58,none
994,,19322,任,岐,,unavailable,-1,-1,0,65,57,36,35,46,none
995,,19323,阮,瑀,元瑜,unavailable,-1,-1,0,33,21,83,86,80,none
996,,19324,沈,彌,,normal,1,80,0,59,59,25,36,42,none
997,,19325,沈,成,,unavailable,-1,-1,0,58,61,29,39,41,none
998,,19326,沈,友,子正,unavailable,-1,-1,0,48,49,78,66,58,none
999,,6008,沈,珩,仲山,unavailable,-1,-1,0,25,31,68,67,65,none
1000,,19328,審,固,,unavailable,-1,-1,0,59,62,55,57,50,none
1001,,19329,審,榮,,unavailable,-1,-1,0,62,55,58,51,53,none
1002,,19330,石,韜,廣元,unavailable,-1,-1,0,31,42,85,85,80,none
1003,,6019,石,偉,公操,unavailable,-1,-1,0,35,26,65,69,63,none
1004,,19332,史,渙,公劉,normal,1,211,0,64,75,23,14,25,none
1005,,19333,史,跡,,unavailable,-1,-1,0,57,61,22,31,38,none
1006,,19334,史,阿,,unavailable,-1,-1,0,43,85,46,43,35,none
1007,,19335,史,郃,,unavailable,-1,-1,0,63,60,48,56,52,none
1008,,2099,士,燮,威彥,normal,1,74,0,71,56,68,71,65,none
1009,,2033,士,壹,,normal,1,74,0,64,56,66,51,33,none
1010,,2040,士,黃有,,normal,1,74,0,64,71,24,65,70,none
1011,,2043,士,武,,normal,1,74,0,77,73,51,55,79,none
1012,,2052,士,徽,,normal,1,74,0,71,72,65,67,68,none
1013,,2070,士,祗,,normal,1,74,0,51,23,44,53,41,none
1014,,2038,士,匡,,normal,1,74,0,54,50,21,33,41,none
1015,,19343,是,儀,子羽,unavailable,-1,-1,0,63,49,68,79,72,none
1016,,19344,宋,建,,normal,1,187,0,80,70,57,55,79,none
1017,,19345,宋,果,仲文,normal,1,105,0,61,61,58,46,48,none
1018,,19346,宋,忠,仲子,normal,1,9,0,24,13,66,67,61,none
1019,,19347,蘇,代,,unavailable,-1,-1,0,63,61,42,45,48,none
1020,,19348,蘇,伯,,unavailable,-1,-1,0,64,65,36,28,56,none
1021,,7021,孫,魯育,小虎,unavailable,-1,-1,0,23,34,65,66,76,none
1022,,19350,孫,康,,normal,1,34,0,67,63,58,57,52,none
1023,,19351,孫,賁,伯陽,normal,1,209,0,68,68,62,44,36,none
1024,,19352,孫,輕,,normal,1,137,0,62,72,61,55,38,none
1025,,19353,孫,綜,,unavailable,-1,-1,0,31,27,67,66,42,none
1026,,19354,孫,肇,,normal,1,80,0,62,63,25,26,25,none
1027,,19355,孫,河,伯海,normal,1,209,0,64,69,48,46,62,none
1028,,19356,貪,至王,,normal,1,144,0,71,72,48,37,43,none
1029,,2134,唐,氏,,normal,1,211,0,21,12,76,69,78,none
1030,,19358,唐,固,子正,unavailable,-1,-1,0,48,32,69,68,70,none
1031,,19359,陶,升,,normal,1,136,0,66,47,63,66,69,none
1032,,19360,陶,璜,世英,unavailable,-1,-1,0,67,63,52,62,58,none
1033,,19361,滕,耽,,unavailable,-1,-1,0,24,21,57,63,57,none
1034,,19362,滕,胄,,unavailable,-1,-1,0,25,20,58,62,58,none
1035,,19363,田,章,,unavailable,-1,-1,0,64,66,61,31,45,none
1036,,19364,田,景,,unavailable,-1,-1,0,43,35,67,71,68,none
1037,,19365,僮,芝,,unavailable,-1,-1,0,67,66,59,55,52,none
1038,,19366,萬,潛,,normal,1,211,0,48,44,70,78,67,none
1039,,19367,萬,演,,normal,1,39,0,58,62,56,26,48,none
1040,,19368,王,方,,normal,1,105,0,61,65,36,23,20,none
1041,,7001,王,元姬,,unavailable,-1,-1,0,36,34,72,70,78,none
1042,,2105,王,氏,,unavailable,-1,-1,0,59,31,64,68,68,none
1043,,2142,王,悅,,unavailable,-1,-1,0,50,66,70,61,83,none
1044,,2114,王,桃,,unavailable,-1,-1,0,51,63,73,71,82,none
1045,,19373,王,含,,unavailable,-1,-1,0,65,69,26,38,31,none
1046,,19374,王,TRUE,,unavailable,-1,-1,0,65,70,24,35,31,none
1047,,19375,王,植,,unavailable,-1,-1,0,61,68,32,21,21,none
1048,,19376,王,楷,,normal,1,19,0,19,10,68,68,46,none
1049,,19377,王,昌,,normal,1,105,0,60,64,38,44,52,none
1050,,19378,王,必,,normal,1,211,0,37,41,66,71,72,none
1051,,5014,王,當,,normal,1,137,0,64,69,57,37,42,none
1052,,19380,王,肱,,unavailable,-1,-1,0,56,47,71,73,63,none
1053,,19381,王,邑,文都,unavailable,-1,-1,0,61,52,68,72,73,none
1054,,19382,王,彧,,unavailable,-1,-1,0,37,32,64,60,48,none
1055,,19383,王,摩,,normal,1,136,0,60,61,28,26,26,none
1056,,19384,王,晟,,unavailable,-1,-1,0,62,64,28,30,52,none
1057,,19385,韋,康,元將,unavailable,-1,-1,0,69,63,36,52,56,none
1058,,19386,衛,茲,子許,unavailable,-1,-1,0,65,72,54,64,52,none
1059,,19387,衛,固,仲堅,unavailable,-1,-1,0,59,63,58,47,49,none
1060,,19388,衛,開,,unavailable,-1,-1,0,61,64,26,25,51,none
1061,,19389,衛,恂,,unavailable,-1,-1,0,62,63,58,59,49,none
1062,,19390,魏,越,,normal,1,19,0,62,77,49,35,44,none
1063,,19391,魏,種,,normal,1,127,0,43,36,60,64,58,none
1064,,19392,文,則,,normal,1,144,0,67,63,42,39,32,none
1065,,7018,吳,氏,,unavailable,-1,-1,0,34,12,65,56,78,none
1066,,19394,吳,敦,,normal,1,34,0,64,61,62,54,47,none
1067,,19395,伍,習,,normal,1,105,0,61,65,45,40,26,none
1068,,2046,夏,昭,,unavailable,-1,-1,0,62,64,57,44,49,none
1069,,7015,夏侯,氏,,unavailable,-1,-1,0,13,12,42,68,85,none
1070,,2107,夏侯,氏,,unavailable,-1,-1,0,51,43,64,68,66,none
1071,,19399,夏侯,蘭,,unavailable,-1,-1,0,70,73,65,65,62,none
1072,,19400,夏侯,博,,unavailable,-1,-1,0,65,62,43,17,34,none
1073,,19401,鮮于,輔,,unavailable,-1,-1,0,80,77,63,62,71,none
1074,,19402,鮮于,銀,,unavailable,-1,-1,0,73,75,46,32,48,none
1075,,19403,鮮于,丹,,unavailable,-1,-1,0,62,65,48,32,32,none
1076,,19404,向,充,,unavailable,-1,-1,0,42,38,64,69,62,none
1077,,19405,向,秀,,unavailable,-1,-1,0,18,12,62,73,62,none
1078,,5029,蕭,建,,unavailable,-1,-1,0,62,58,67,74,60,none
1079,,19407,宿,舒,,unavailable,-1,-1,0,61,64,35,44,50,none
1080,,19408,徐,商,,unavailable,-1,-1,0,65,69,31,12,39,none
1081,,19409,徐,干,偉長,unavailable,-1,-1,0,21,15,80,82,79,none
1082,,19410,徐,宣,寶堅,unavailable,-1,-1,0,74,59,69,77,76,none
1083,,19411,徐,翕,,normal,1,19,0,61,63,36,35,42,none
1084,,500,許,劭,子將,normal,1,43,0,16,11,74,80,82,none
1085,,19413,許,汜,,normal,1,19,0,12,13,64,62,48,none
1086,,19414,許,耽,,normal,1,40,0,72,67,64,43,37,none
1087,,19415,薛,禮,,normal,1,43,0,34,20,70,66,58,none
1088,,19416,薛,蘭,,normal,1,19,0,58,66,45,43,39,none
1089,,19417,薛,州,,unavailable,-1,-1,0,67,74,55,37,44,none
1090,,19418,薛,洪,,normal,1,193,0,52,46,71,72,63,none
1091,,19419,薛,悌,孝威,normal,1,211,0,47,35,60,64,55,none
1092,,2109,荀,氏,,unavailable,-1,-1,0,56,34,68,60,78,none
1093,,6023,荀,惲,長倩,unavailable,-1,-1,0,24,34,74,76,70,none
1094,,2144,嚴,氏,,normal,1,19,0,35,20,61,69,87,none
1095,,19423,顏,俊,,unavailable,-1,-1,0,62,64,49,28,42,none
1096,,19424,顏,斐,文林,unavailable,-1,-1,0,16,28,62,72,59,none
1097,,19425,晏,明,,unavailable,-1,-1,0,58,65,14,16,23,none
1098,,2128,羊,徽瑜,,unavailable,-1,-1,0,58,25,72,67,76,none
1099,,19427,陽,儀,,normal,1,147,0,41,37,73,76,64,none
1100,,2118,楊,氏,,unavailable,-1,-1,0,35,49,56,59,72,none
1101,,19429,楊,齡,,unavailable,-1,-1,0,58,65,12,6,12,none
1102,,19430,楊,鳳,,unavailable,-1,-1,0,63,64,39,17,43,none
1103,,19431,楊,定,整修,normal,1,105,0,71,68,37,54,62,none
1104,,19432,楊,密,,normal,1,105,0,59,63,28,35,47,none
1105,,19433,夷,廖,,unemployed,1,71,0,58,64,36,25,39,none
1106,,19434,尹,奉,次曾,unavailable,-1,-1,0,62,66,67,31,45,none
1107,,19435,尹,楷,,normal,1,136,0,65,63,35,26,39,none
1108,,19436,尹,禮,,normal,1,34,0,61,68,31,21,35,none
1109,,19437,應,瑒,德璉,unavailable,-1,-1,0,23,15,78,80,81,none
1110,,19438,于,糜,,normal,1,43,0,60,66,49,38,29,none
1111,,19439,于,毒,,unavailable,-1,-1,0,68,64,46,24,49,none
1112,,19440,于,氐根,,unavailable,-1,-1,0,64,71,51,38,29,none
1113,,19441,臧,洪,子源,normal,1,136,0,63,46,71,72,81,none
1114,,19442,張,白騎,,normal,1,137,0,70,76,65,35,58,none
1115,,2111,張,氏,,unavailable,-1,-1,0,53,42,62,63,79,none
1116,,3115,張,氏,,unavailable,-1,-1,0,22,13,75,68,64,none
1117,,2166,張,琪瑛,,unavailable,-1,-1,0,21,34,65,70,71,none
1118,,19446,張,著,,unavailable,-1,-1,0,73,76,65,31,51,none
1119,,19447,張,富,元微,unavailable,-1,-1,0,62,51,68,75,78,none
1120,,19448,張,虎,,normal,1,9,0,59,68,44,18,37,none
1121,,19449,張,羨,,normal,1,63,0,78,71,64,56,78,none
1122,,19450,張,懌,,normal,1,63,0,65,68,57,44,58,none
1123,,19451,張,顗,,unavailable,-1,-1,0,67,71,52,31,34,none
1124,,19452,張,晟,,unavailable,-1,-1,0,60,63,58,44,38,none
1125,,19453,張,旻,,unavailable,-1,-1,0,42,25,56,68,48,none
1126,,19454,張,津,子雲,unemployed,1,71,0,67,56,65,69,72,none
1127,,19455,張,碩,,unavailable,-1,-1,0,58,69,29,28,36,none
1128,,19456,章,誑,,normal,1,40,0,64,70,34,31,28,none
1129,,2117,趙,氏,,unavailable,-1,-1,0,48,67,51,53,69,none
1130,,19458,趙,岑,,unavailable,-1,-1,0,66,68,58,39,44,none
1131,,19459,趙,睿,,normal,1,136,0,59,68,42,28,45,none
1132,,19460,趙,浮,,unavailable,-1,-1,0,39,48,63,72,53,none
1133,,19461,趙,昱,,normal,1,35,0,57,48,69,71,76,none
1134,,19462,趙,庶,,normal,1,19,0,62,63,29,27,34,none
1135,,19463,趙,寵,,normal,1,17,0,58,38,65,64,58,none
1136,,19464,趙,韙,,normal,1,80,0,68,58,59,64,57,none
1137,,19465,鄭,渾,文公,unavailable,-1,-1,0,42,37,67,77,74,none
1138,,19466,支,謙,恭明,unavailable,-1,-1,0,36,38,62,67,63,none
1139,,19467,鍾離,徇,,unavailable,-1,-1,0,63,59,68,62,49,none
1140,,19468,周,善,,unavailable,-1,-1,0,61,66,23,10,20,none
1141,,19469,周,勃,,normal,1,56,0,61,62,37,52,47,none
1142,,19470,朱,光,,unavailable,-1,-1,0,69,76,56,41,58,none
1143,,19471,朱,皓,文明,normal,1,43,0,72,67,73,71,75,none
1144,,8774,諸葛,氏,,unavailable,-1,-1,0,59,23,72,64,62,none
1145,,19473,卓,膺,,unavailable,-1,-1,0,63,67,31,32,40,none
1146,,19474,宗,預,德艷,unavailable,-1,-1,0,31,31,65,74,60,none
1147,,19475,宗,寶,,normal,1,29,0,60,65,13,21,19,none
1148,,19476,鄒,他,,normal,1,56,0,61,63,25,29,58,none
1149,,19477,鄒,臨,,normal,1,56,0,63,62,18,23,48,none
1150,,19478,祖,郎,,unavailable,-1,-1,0,77,76,45,31,73,none
1151,,19479,左,思,太沖,unavailable,-1,-1,0,25,18,71,79,83,none
1152,,19480,左,校,,unavailable,-1,-1,0,61,65,22,21,43,none
1153,,19481,左,延年,,unavailable,-1,-1,0,12,15,57,62,63,none
1154,,19482,左髭,丈八,,unavailable,-1,-1,0,61,65,28,19,34,none
1155,,19483,郭,石,,unavailable,-1,-1,0,70,71,52,83,56,none
1156,,19484,吉,平,,unavailable,-1,-1,0,14,24,71,68,61,none
1157,,19485,呂,伯奢,,unavailable,-1,-1,0,24,35,61,62,71,none
1158,,6024,司馬,防,建公,unavailable,-1,-1,0,69,31,79,84,79,none
1159,,6009,王,子服,,normal,1,105,0,64,69,34,31,70,none
1160,,6006,王,垢,,normal,1,211,0,58,61,31,69,41,none
1161,,19489,須卜骨,都侯,,normal,1,123,0,70,71,54,31,12,none
1162,,19490,周,朝,,unavailable,-1,-1,0,77,76,26,29,19,none
1163,,19491,周,承,,unavailable,-1,-1,0,59,71,38,29,50,none
1164,,19492,徐,楷,,unavailable,-1,-1,0,67,61,58,45,53,none
1165,,19493,周,循,,unavailable,-1,-1,0,67,51,76,78,79,none
1166,,19494,臧,艾,,unavailable,-1,-1,0,64,65,32,34,52,none
1167,,19495,高,艾,,unavailable,-1,-1,0,57,62,41,34,57,none
1168,,19496,曹,泰,,unavailable,-1,-1,0,67,63,32,36,56,none
1169,,19497,曹,演,,unavailable,-1,-1,0,65,61,45,30,52,none
1170,,19498,夏侯,充,,unavailable,-1,-1,0,63,62,59,60,61,none
1171,,19499,馬,承,,unavailable,-1,-1,0,61,63,41,23,53,none
1172,,19500,徐,蓋,,unavailable,-1,-1,0,62,61,54,45,51,none
1173,,19501,郭,配,仲南,unavailable,-1,-1,0,63,58,61,66,67,none
1174,,19502,郭,展,泰舒,unavailable,-1,-1,0,67,49,63,69,59,none
1175,,19503,文,岱,,unavailable,-1,-1,0,61,57,63,66,52,none
1176,,19504,曹,楷,,unavailable,-1,-1,0,62,59,45,65,53,none
1177,,19505,韓,綜,,unavailable,-1,-1,0,68,72,46,41,38,none
1178,,19506,蔣,壹,,unavailable,-1,-1,0,61,64,41,43,54,none
1179,,19507,李,球,,unavailable,-1,-1,0,63,62,58,57,57,none
1180,,19508,李,遺,,unavailable,-1,-1,0,65,51,59,60,67,none
1181,,19509,黃,柄,,unavailable,-1,-1,0,62,57,41,46,61,none
1182,,19510,李,移子,,normal,1,144,0,18,22,65,59,61,none
1183,,19511,劉,緯台,,normal,1,144,0,22,23,63,55,60,none
1184,,19512,姚,胄,子緒,unavailable,-1,-1,0,59,43,66,75,65,none
1185,,19513,姚,瓊,,unavailable,-1,-1,0,50,16,64,60,53,none
1186,,19514,涼,茂,伯方,normal,1,211,0,49,36,68,78,69,none
1187,,19515,司馬,芝,子華,unavailable,-1,-1,0,52,26,69,71,69,none
1188,,19516,呂,翻,,unavailable,-1,-1,0,59,50,62,68,63,none
1189,,19517,關,樾,,unavailable,-1,-1,0,59,65,48,52,58,none
1190,,19518,張,方,,unavailable,-1,-1,0,63,61,43,35,57,none
1191,,19519,李,緒,,unavailable,-1,-1,0,64,63,54,53,63,none
1192,,19520,程,咨,,unavailable,-1,-1,0,64,59,49,54,55,none
1193,,19521,龐,宏,巨師,unavailable,-1,-1,0,58,15,67,58,59,none
1194,,19522,劉,陶,季冶,unavailable,-1,-1,0,33,22,65,63,54,none
1195,,19523,張,表,伯達,unavailable,-1,-1,0,20,12,58,62,49,none
1196,,19524,馬,秉,,unavailable,-1,-1,0,57,46,61,67,56,none
1197,,19525,馬,修,,unavailable,-1,-1,0,64,61,52,58,62,none
1198,,19526,馬,齊,承伯,unavailable,-1,-1,0,35,25,66,72,61,none
1199,,19527,馬,秦,,unavailable,-1,-1,0,62,65,46,24,45,none
1200,,19528,高,勝,,unavailable,-1,-1,0,63,64,51,38,44,none
1201,,19529,馬,相,,unavailable,-1,-1,0,69,67,55,32,74,none
1202,,19530,張,玄,,unavailable,-1,-1,0,23,21,66,71,62,none
1203,,19531,陳,肅,,unavailable,-1,-1,0,59,34,61,65,58,none
1204,,19532,閻,芝,伯恭,unavailable,-1,-1,0,71,63,54,59,70,none
1205,,19533,劉,闔,,normal,1,9,0,42,39,62,66,46,none
1206,,19534,劉,望之,,normal,1,9,0,35,22,59,65,52,none
1207,,19535,扶,禁,,normal,1,80,0,65,63,38,46,53,none
1208,,19536,向,存,,normal,1,80,0,64,62,35,44,52,none
1209,,19537,高,蕃,,normal,1,136,0,63,62,51,32,35,none
1210,,19538,耿,苞,,normal,1,136,0,23,15,59,58,42,none
1211,,19539,公孫,犢,,normal,1,136,0,61,63,44,32,41,none
1212,,19540,郭,祖,,normal,1,136,0,62,64,43,31,46,none
1213,,19541,張,苞,,normal,1,105,0,58,61,54,35,48,none
1214,,19542,李,當之,,unavailable,-1,-1,0,28,35,59,52,62,none
1215,,19543,吳,普,,unavailable,-1,-1,0,21,52,58,53,63,none
1216,,19544,董,奉,,unavailable,-1,-1,0,24,21,57,54,62,none
1217,,19545,張,機,君異,unavailable,-1,-1,0,25,24,58,55,61,none
1218,,714,卜,己,,unavailable,-1,-1,0,63,65,46,24,45,none
1219,,716,陳,敗,,unavailable,-1,-1,0,59,62,51,38,44,none
1220,,19548,萬,秉,,unavailable,-1,-1,0,60,61,55,32,50,none
1221,,19549,陳,策,,unavailable,-1,-1,0,63,63,46,24,45,none
1222,,19550,董,嗣,,unavailable,-1,-1,0,63,60,33,38,44,none
1223,,19551,江,宮,,unavailable,-1,-1,0,58,63,45,34,54,none
1224,,19552,瞿,恭,,unavailable,-1,-1,0,59,62,44,33,52,none
1225,,19543,張,修,,unavailable,-1,-1,0,52,45,61,70,82,none
1226,,19554,張,舉,,unavailable,-1,-1,0,58,59,62,48,43,none
1227,,19555,張,純,,unavailable,-1,-1,0,72,69,50,49,42,none
1228,,19556,劉,寵,,normal,1,162,0,77,62,74,72,92,none
1229,,19557,北宮,伯玉,,unavailable,-1,-1,0,78,75,52,38,77,none
1230,,19558,李,文侯,,unavailable,-1,-1,0,65,72,66,31,52,none
1231,,674,邊,章,,unavailable,-1,-1,0,67,26,73,71,79,none
1232,,19560,王,國,,unavailable,-1,-1,0,62,56,48,49,42,none
1233,,9008,閻,忠,,unavailable,-1,-1,0,32,28,88,69,43,none
1234,,19562,李,相如,,unavailable,-1,-1,0,58,46,62,67,52,none
1235,,19563,趙,祇,,unavailable,-1,-1,0,48,62,43,47,52,none
1236,,19564,蘇,馬,,unavailable,-1,-1,0,43,62,36,31,40,none
1237,,19565,蘇,固,,unavailable,-1,-1,0,47,32,52,61,48,none
1238,,19566,陸,康,季寧,unavailable,-1,-1,0,52,18,73,78,82,none
1239,,19567,曹,寅,,unavailable,-1,-1,0,38,42,63,71,49,none
1240,,19568,劉,祥,,unavailable,-1,-1,0,25,27,72,79,43,none
1241,,19569,諸葛,玄,,normal,1,23,0,61,36,71,82,74,none
1242,,19570,陳,溫,元悌,unavailable,-1,-1,0,42,39,70,69,65,none
1243,,19571,張,赤,,unavailable,-1,-1,0,64,64,39,35,53,none
1244,,19572,李,條,,unavailable,-1,-1,0,65,67,51,44,44,none
1245,,19573,李,越,,unavailable,-1,-1,0,68,65,40,28,51,none
1246,,19574,鄭,甘,,unavailable,-1,-1,0,66,72,52,33,52,none
1247,,19575,王,照,,unavailable,-1,-1,0,57,68,50,20,45,none
1248,,19576,呂,合,,unavailable,-1,-1,0,59,63,41,22,49,none
1249,,19577,秦,狼,,unavailable,-1,-1,0,58,68,43,25,40,none
1250,,19578,隨,春,,unavailable,-1,-1,0,67,62,46,30,68,none
1251,,19579,周,鳳,,unavailable,-1,-1,0,68,57,27,27,21,none
1252,,19580,張,節,,unavailable,-1,-1,0,65,66,49,46,39,none
1253,,19581,彭,式,,unavailable,-1,-1,0,66,71,37,28,41,none
1254,,19582,郎,稚,,unavailable,-1,-1,0,65,63,44,44,49,none
1255,,19583,吳,遽,,unavailable,-1,-1,0,64,59,45,44,54,none
1256,,19584,洪,明,,unavailable,-1,-1,0,67,67,29,23,43,none
1257,,19585,洪,進,,unavailable,-1,-1,0,66,60,43,12,45,none
1258,,19586,苑,御,,unavailable,-1,-1,0,64,61,51,20,56,none
1259,,19587,吳,免,,unavailable,-1,-1,0,63,69,44,12,41,none
1260,,19588,華,當,,unavailable,-1,-1,0,64,68,49,35,52,none
1261,,19589,吳,五,,unavailable,-1,-1,0,65,58,51,43,46,none
1262,,19590,李,玉,,unavailable,-1,-1,0,62,61,48,31,47,none
1263,,19591,王,海,,unavailable,-1,-1,0,60,64,42,35,61,none
1264,,19592,李,桓,,unavailable,-1,-1,0,67,66,41,31,48,none
1265,,19593,仍,弩,,unavailable,-1,-1,0,60,65,51,41,44,none
1266,,19594,黃,吳,,unavailable,-1,-1,0,61,70,24,4,32,none
1267,,19595,何,典,,unavailable,-1,-1,0,61,62,52,47,42,none
1268,,19596,王,族,,unavailable,-1,-1,0,66,62,42,44,28,none
1269,,19597,吳,述,,unavailable,-1,-1,0,65,66,69,36,25,none
1270,,19598,殷,興,,unavailable,-1,-1,0,68,59,56,43,49,none
1271,,19599,田,銀,,unavailable,-1,-1,0,64,66,44,48,50,none
1272,,19600,麴,英,,unavailable,-1,-1,0,62,58,44,52,65,none
1273,,19601,麴,光,,unavailable,-1,-1,0,65,64,47,45,67,none
1274,,19602,麴,勝,,unavailable,-1,-1,0,62,61,57,55,61,none
1275,,19603,黃,華,,unavailable,-1,-1,0,64,48,66,79,72,none
1276,,19604,黃,昂,,unavailable,-1,-1,0,72,53,68,59,75,none
1277,,19605,黃,衍,,unavailable,-1,-1,0,52,48,69,70,79,none
1278,,19606,張,進,,unavailable,-1,-1,0,61,68,40,48,42,none
1279,,19607,王,秘,,unavailable,-1,-1,0,62,66,46,32,39,none
1280,,19608,趙,犢,,unavailable,-1,-1,0,62,65,32,37,33,none
1281,,19609,吳,碭,,unavailable,-1,-1,0,67,59,56,59,72,none
1282,,19610,曾,夏,,unavailable,-1,-1,0,61,66,41,36,34,none
1283,,19611,鹿,磐,,unavailable,-1,-1,0,72,67,51,44,44,none
1284,,19612,蘇,則,文師,unavailable,-1,-1,0,79,71,64,72,69,none
1285,,19613,宗,子卿,,unavailable,-1,-1,0,49,37,67,72,56,none
1286,,19614,東裡,袞,,unavailable,-1,-1,0,61,62,49,52,54,none
1287,,19615,應,余,,unavailable,-1,-1,0,59,49,63,78,76,none
1288,,19616,李,進,,unavailable,-1,-1,0,81,78,57,36,62,none
1289,,19617,楊,偉,世英,unavailable,-1,-1,0,58,42,76,79,69,none
1290,,19618,臧,旻,,unavailable,-1,-1,0,73,66,65,75,72,none
1291,,19619,習,禎,文祥,unavailable,-1,-1,0,53,39,69,85,78,none
1292,,19620,王,越,,unavailable,-1,-1,0,52,90,36,46,63,none
1293,,19621,棗,祗,,normal,1,212,0,47,23,75,85,76,none
1294,,19622,許,瑒,,unavailable,-1,-1,0,52,38,69,77,59,none
1295,,19623,焦,和,,unavailable,-1,-1,0,21,33,51,52,52,none
1296,,19624,周,術,,unavailable,-1,-1,0,21,23,60,65,58,none
1297,,19625,徐,和,,unavailable,-1,-1,0,67,56,48,40,56,none
1298,,19626,司馬,俱,,unavailable,-1,-1,0,57,62,39,31,50,none
1299,,19627,貝,羽,,unavailable,-1,-1,0,53,61,42,47,39,none
1300,,19628,張,溫,伯慎,unavailable,-1,-1,0,52,42,61,69,52,none
1301,,19629,蓋,勳,元固,unavailable,-1,-1,0,79,61,82,80,84,none
1302,,19630,傅,燮,南容,unavailable,-1,-1,0,76,56,83,82,85,none
1303,,19631,傅,干,彥材,unavailable,-1,-1,0,52,43,79,72,71,none
1304,,19632,朱,鑠,彥才,unavailable,-1,-1,0,73,61,82,67,60,none
